{
    "mse": 0.005024638452769501,
    "mae": 0.05319153271903772,
    "rmse": 0.07088468419037713,
    "mse_train": 0.004613399197238478,
    "mae_train": 0.051345121234338334,
    "rmse_train": 0.06792200819497667
}