{
    "simulation_name": "x48_y48_z32_Ra2500_Pr0.7_t0.01_snap0.125_dur300",
    "mse": 0.005024638452769501,
    "mae": 0.05319153271903772,
    "rmse": 0.07088468419037713,
    "mse_train": 0.004613399197238478,
    "mae_train": 0.051345121234338334,
    "rmse_train": 0.06792200819497667
}