{
    "train_loss": [
        0.006282169568123605,
        0.0026933146569693687,
        0.002093444554591846,
        0.001545727542206592,
        0.0012496082393915814,
        0.0011256230611042723,
        0.0012920555222407364,
        0.0010447025314024691,
        0.0011699657134852247,
        0.0008974424072766294,
        0.000846762693984098,
        0.000792848875282843,
        0.0009277579541461472,
        0.0009194663696481858,
        0.0007181325569230527,
        0.0007435478288803732,
        0.0009054231243094127,
        0.0007369557429754406,
        0.0006831213312482729,
        0.0007528884423456167,
        0.0007177030508170069,
        0.0007627420562080219,
        0.0006756684831751817,
        0.0007340513036736343,
        0.0006566794187938425,
        0.0006552596965215618,
        0.0008086847807480085,
        0.0006603427813981757,
        0.0006075753464394845,
        0.0005924486023042576,
        0.0006263345724188178,
        0.000619506256554701,
        0.000582535345763325,
        0.000681401791454983,
        0.0005855913934388998,
        0.0006457163931761092,
        0.0005945326469669633,
        0.000606706790568138
    ],
    "valid_loss": [
        0.015712299669554473,
        0.007171604658166567,
        0.005106210611783401,
        0.004127626832210051,
        0.0036265213401355874,
        0.004698915029406001,
        0.007355932066564531,
        0.0028718704421825092,
        0.00280031481791937,
        0.0027577599590296775,
        0.010392567517651694,
        0.0027699064477617404,
        0.0024909830317527784,
        0.00252071947218218,
        0.002505861388359914,
        0.0023793523947477613,
        0.00234577029727012,
        0.010348615352212471,
        0.002268178141547726,
        0.0027160931395691468,
        0.028392879748061893,
        0.0022447692532240435,
        0.0025084984799226126,
        0.002310501223299026,
        0.0023327844846845586,
        0.0026328355103833684,
        0.0028481876792312124,
        0.002288401775796889,
        0.002319519661953644,
        0.0021840767886501023,
        0.0026254671281175147,
        0.0021625402501701673,
        0.002144500459344995,
        0.0023605527245191805,
        0.002184689108607009,
        0.0023413762188194726,
        0.002236719720566856,
        0.005214466141189366
    ],
    "epoch_duration": [
        1686.743264913559,
        1674.7514472007751,
        1677.5315880775452,
        1677.644053220749,
        1672.5447874069214,
        1668.4097921848297,
        1672.5908470153809,
        1670.5474045276642,
        1671.3598246574402,
        1669.3986418247223,
        1674.3606641292572,
        1675.5556890964508,
        1675.9378552436829,
        1670.1797308921814,
        1668.6040992736816,
        1670.3158240318298,
        1673.667159318924,
        1666.5432300567627,
        1669.274343252182,
        1674.3139362335205,
        1669.648874759674,
        1667.5457277297974,
        1669.0277154445648,
        1670.9628632068634,
        1672.9698867797852,
        1672.4903018474579,
        1670.1422295570374,
        1667.4242973327637,
        1664.631896018982,
        1666.8357009887695,
        1671.5538806915283,
        1704.6902167797089,
        1671.5888516902924,
        1685.5443980693817,
        1677.45538854599,
        1678.1081733703613,
        1675.4062724113464,
        1698.0918698310852
    ],
    "best_epoch": 33,
    "best_valid_loss": 0.002144500459344995,
    "lr": [
        0.001,
        0.001,
        0.001,
        0.001,
        0.001,
        0.001,
        0.001,
        0.001,
        0.001,
        0.001,
        0.001,
        0.001,
        0.001,
        0.001,
        0.001,
        0.001,
        0.001,
        0.001,
        0.001,
        0.001,
        0.001,
        0.001,
        0.001,
        0.001,
        0.001,
        0.001,
        0.001,
        0.0005,
        0.0005,
        0.0005,
        0.0005,
        0.0005,
        0.0005,
        0.0005,
        0.0005,
        0.0005,
        0.0005,
        0.0005
    ]
}