{
    "simulation_name": "x48_y48_z32_Ra2500_Pr0.7_t0.01_snap0.125_dur300",
    "mse": 0.004811750633904474,
    "mae": 0.052216080880339535,
    "rmse": 0.06936678336137891,
    "mse_train": 0.004631313078982899,
    "mae_train": 0.051555777549436514,
    "rmse_train": 0.06805375139537055
}