{
    "simulation_name": "x48_y48_z32_Ra2500_Pr0.7_t0.01_snap0.125_dur300",
    "mse": 0.0016619187102598575,
    "mae": 0.030070797363776595,
    "rmse": 0.0407666372204019,
    "mse_train": 0.0013480139594592285,
    "mae_train": 0.02752954728295779,
    "rmse_train": 0.036715309605929086
}