{
    "train_loss": [
        0.5046619931262231,
        0.24500662636132609
    ],
    "valid_loss": [
        0.30092570142555713,
        0.1751432791612392
    ],
    "epoch_duration": [
        313.2082667350769,
        300.4310369491577
    ],
    "best_epoch": 2,
    "best_valid_loss": 0.1751432791612392,
    "lr": [
        0.001,
        0.001
    ]
}