{
    "train_loss": [
        0.2721526269058535,
        0.07789432665182963,
        0.05096806557609058,
        0.03959056207428648,
        0.034368309468427304,
        0.030615243160553703,
        0.029008140074629537,
        0.02707773558733519,
        0.026334617280727213,
        0.0246998859075512,
        0.023916942796554548,
        0.02354018229244901,
        0.02270111289008498,
        0.022018489981393764,
        0.021341468783673007,
        0.020825191289000677,
        0.02058816743412319,
        0.019963960137438102,
        0.019561357978276184,
        0.019141802965901043,
        0.0190024437985119,
        0.018795892876802833,
        0.01846573976420504,
        0.01770438712526884,
        0.017888387037458167,
        0.017301445291474375,
        0.015410939118331754,
        0.01523839025011136,
        0.01526053957470808,
        0.015029006798504692,
        0.015117261182526103,
        0.015101092826832065,
        0.015032944945325876,
        0.015061490962487751,
        0.014629812929578007,
        0.014560480081226216,
        0.014436273008789356,
        0.01446023112331716,
        0.014344639518915219,
        0.01420476234278774,
        0.014253976030533798,
        0.013932073316502007,
        0.014010132470339264,
        0.013940550941209048,
        0.013875895236631977,
        0.013700873414495787,
        0.013592963968732658,
        0.012805650347777187,
        0.012813720309136068,
        0.012763651965475539,
        0.012776089078922472,
        0.012714660980569156,
        0.012791978217450808,
        0.012638102868046992,
        0.01267881881002823,
        0.012234329606126916,
        0.012225127583238004,
        0.012237322802097224,
        0.012200492605449306,
        0.012197160130445648,
        0.012168776128419418,
        0.012141799622510288,
        0.01218341918381942,
        0.012130276751197435,
        0.012109122408595763,
        0.01208845427877588
    ],
    "valid_loss": [
        0.10172865053736362,
        0.04871283560025127,
        0.031160569701929045,
        0.029201034780712495,
        0.01962194423147122,
        0.021037695113746008,
        0.018270994662458167,
        0.019168382675904882,
        0.017206149865081184,
        0.014541932315730543,
        0.014170238635319278,
        0.012462424955091572,
        0.015517940360151621,
        0.01104071130674156,
        0.011497556933775507,
        0.010884172345820509,
        0.011067825964096924,
        0.012427763528471575,
        0.010211352658855201,
        0.009207516024237559,
        0.010482564584312593,
        0.010730776885185308,
        0.01003170197834249,
        0.01068791875852611,
        0.009804977543949338,
        0.01012471365391688,
        0.00766114629108338,
        0.007994083777311586,
        0.007695388753766059,
        0.007526577512113531,
        0.0073634063321028715,
        0.007104408820194571,
        0.007684108902447093,
        0.007820952452830692,
        0.006957211280404184,
        0.006737660618029776,
        0.006753804686332953,
        0.007269583761859267,
        0.007078229059277107,
        0.006790789650832105,
        0.006203307696104867,
        0.006327114423314235,
        0.0065806434761519145,
        0.0072287357421568655,
        0.006803377319192352,
        0.006821591275142613,
        0.0065822485557982605,
        0.005928147590935156,
        0.005563325092818895,
        0.005883694847028452,
        0.006141117158255301,
        0.006229705108501519,
        0.005845850545847951,
        0.00586669784215769,
        0.006276528683358669,
        0.00557515536530171,
        0.005524135750028632,
        0.005640287567719705,
        0.005805530711228116,
        0.0056166521847210915,
        0.0052918389407067825,
        0.005637340186084818,
        0.005485148040433774,
        0.005764126557475908,
        0.005618013744184427,
        0.005198393380989383
    ],
    "epoch_duration": [
        240.57578444480896,
        240.70914578437805,
        241.03655123710632,
        242.44199347496033,
        241.81328535079956,
        242.42355728149414,
        242.71602368354797,
        241.7008993625641,
        241.75744462013245,
        242.22806334495544,
        242.25452733039856,
        243.50533080101013,
        242.10306072235107,
        241.81699228286743,
        242.2057716846466,
        242.65439176559448,
        241.39164352416992,
        241.36794805526733,
        241.6604459285736,
        242.1596643924713,
        241.44610023498535,
        241.5490379333496,
        242.15401768684387,
        241.5318467617035,
        241.3366928100586,
        242.87444257736206,
        242.84234428405762,
        241.40388989448547,
        242.1180546283722,
        242.17725324630737,
        242.33582091331482,
        242.57222366333008,
        241.88511848449707,
        241.77417850494385,
        242.65941977500916,
        241.85605835914612,
        242.11988592147827,
        241.4136381149292,
        242.31160020828247,
        241.28033590316772,
        240.38308310508728,
        242.42163634300232,
        241.42873525619507,
        241.74590682983398,
        242.2450852394104,
        241.45587611198425,
        241.56293392181396,
        242.31211853027344,
        242.20525813102722,
        241.83057641983032,
        240.4074764251709,
        241.5355987548828,
        241.131329536438,
        242.87957549095154,
        241.5621943473816,
        240.49409413337708,
        240.88455247879028,
        242.3797323703766,
        241.68349885940552,
        240.92884588241577,
        241.39516377449036,
        241.27856993675232,
        241.91821146011353,
        241.35775017738342,
        240.9284691810608,
        241.61808037757874
    ],
    "best_epoch": 66,
    "best_valid_loss": 0.005198393380989383,
    "lr": [
        0.001,
        0.001,
        0.001,
        0.001,
        0.001,
        0.001,
        0.001,
        0.001,
        0.001,
        0.001,
        0.001,
        0.001,
        0.001,
        0.001,
        0.001,
        0.001,
        0.001,
        0.001,
        0.001,
        0.001,
        0.001,
        0.001,
        0.001,
        0.001,
        0.001,
        0.0005,
        0.0005,
        0.0005,
        0.0005,
        0.0005,
        0.0005,
        0.0005,
        0.0005,
        0.0005,
        0.0005,
        0.0005,
        0.0005,
        0.0005,
        0.0005,
        0.0005,
        0.0005,
        0.0005,
        0.0005,
        0.0005,
        0.0005,
        0.0005,
        0.00025,
        0.00025,
        0.00025,
        0.00025,
        0.00025,
        0.00025,
        0.00025,
        0.00025,
        0.000125,
        0.000125,
        0.000125,
        0.000125,
        0.000125,
        0.000125,
        0.000125,
        0.000125,
        0.000125,
        0.000125,
        0.000125,
        0.000125
    ]
}