{
    "train_loss": [
        0.014943324574568402,
        0.008529401868847594,
        0.008465971000431814,
        0.00811653988527003,
        0.008010185168719984,
        0.008072874820663021,
        0.007713716575129681
    ],
    "valid_loss": [
        0.014086343914794448,
        0.010891883023687004,
        0.010355939928852363,
        0.010943479819183411,
        0.010654741552706796,
        0.00982277780224424,
        0.012011029168006476
    ],
    "epoch_duration": [
        21574.061677217484,
        21542.04535651207,
        21625.631626605988,
        21591.09167289734,
        21663.009707450867,
        21768.659643650055,
        21745.710736989975
    ],
    "best_epoch": 6,
    "best_valid_loss": 0.00982277780224424,
    "lr": [
        0.001,
        0.001,
        0.001,
        0.001,
        0.001,
        0.001,
        0.001
    ]
}