{
    "simulation_name": "x48_y48_z32_Ra10000_Pr0.7_t0.01_snap0.125_dur300",
    "mse": 0.012134357455781557,
    "mae": 0.08202379500670802,
    "rmse": 0.11015605955090059,
    "mse_train": 0.011018273377904985,
    "mae_train": 0.07847193932963258,
    "rmse_train": 0.10496796357891766
}