{
    "simulation_name": "x48_y48_z32_Ra2500_Pr0.7_t0.01_snap0.125_dur300",
    "mse": 0.002809319932970943,
    "mae": 0.03886822091474656,
    "rmse": 0.05300301814963883,
    "mse_train": 0.0021135678929800014,
    "mae_train": 0.034546450335294646,
    "rmse_train": 0.04597355645346574
}