{
    "mse": 0.002879237743717755,
    "mae": 0.03994582084170173,
    "rmse": 0.05365852908641603,
    "mse_train": 0.0025506503080442657,
    "mae_train": 0.03803591571805226,
    "rmse_train": 0.05050396329046133
}