{
    "simulation_name": "x48_y48_z32_Ra2500_Pr0.7_t0.01_snap0.125_dur300",
    "mse": 0.002010666017985574,
    "mae": 0.03298575995630392,
    "rmse": 0.0448404506889212,
    "mse_train": 0.0015468534410443835,
    "mae_train": 0.02953447039057055,
    "rmse_train": 0.03933005772999047
}