{
    "simulation_name": "x48_y48_z32_Ra2500_Pr0.7_t0.01_snap0.125_dur300",
    "mse": 0.001527173558272244,
    "mae": 0.02878848669241138,
    "rmse": 0.03907906803228864,
    "mse_train": 0.0012013813140312893,
    "mae_train": 0.0260197958089114,
    "rmse_train": 0.034660947967868526
}