{
    "mse": 0.004757206662953462,
    "mae": 0.050132913588886226,
    "rmse": 0.06897250657293427,
    "mse_train": 0.002325366430128231,
    "mae_train": 0.03612296530937261,
    "rmse_train": 0.04822205335868881
}