{
    "simulation_name": "x48_y48_z32_Ra2500_Pr0.7_t0.01_snap0.125_dur300",
    "mse": 0.004757206662953462,
    "mae": 0.050132913588886226,
    "rmse": 0.06897250657293427,
    "mse_train": 0.002325366430128231,
    "mae_train": 0.03612296530937261,
    "rmse_train": 0.04822205335868881
}