{
    "simulation_name": "x48_y48_z32_Ra2500_Pr0.7_t0.01_snap0.125_dur300",
    "mse": [
        0.005470126065899551,
        0.0042005000089245315,
        0.005388990692154039,
        0.003961822184334908,
        0.004681912552769063,
        0.0038517693943244274,
        0.003766597022539437,
        0.003708654031340432,
        0.003590160739674632,
        0.0038992450624521424,
        0.0037793934851444127,
        0.005427677529431614,
        0.0035477737619658,
        0.005040995742352347,
        0.0038166527088573537,
        0.004507176798402465,
        0.0048761298738619575,
        0.0038801086526031475,
        0.004533839573144048,
        0.004878434369727204
    ],
    "rmse": [
        0.07396030060714702,
        0.0648112645218756,
        0.07340974521243102,
        0.06294300743001488,
        0.068424502575971,
        0.06206262477791628,
        0.06137260807998497,
        0.06089871945567026,
        0.05991795006235304,
        0.062443935353660586,
        0.06147677191545123,
        0.07367277332523606,
        0.059563191334630484,
        0.07099997001655949,
        0.06177906367740898,
        0.06713551071081879,
        0.06982929094486036,
        0.06229051815969384,
        0.06733379220825193,
        0.06984578992127731
    ],
    "mae": [
        0.05310860675360475,
        0.04599733529279807,
        0.0523169013322331,
        0.045553419165246724,
        0.04936598704495866,
        0.044281009127319394,
        0.04399356050583135,
        0.04359832213958725,
        0.04309014541961785,
        0.04486114383741681,
        0.044599550909229686,
        0.05138590542732605,
        0.04287648151096489,
        0.05070616110294525,
        0.04414399991843051,
        0.047331961703353694,
        0.04962073572512184,
        0.04486190807905847,
        0.0482683659813899,
        0.04958617055256452
    ],
    "std_mse": 0.000637331484429723,
    "std_rmse": 0.00477308067150908,
    "std_mae": 0.0032083936747422737
}