{
    "simulation_name": "x48_y48_z32_Ra5000_Pr0.7_t0.01_snap0.125_dur300",
    "mse": 0.005177660999516587,
    "mae": 0.05355705146396917,
    "rmse": 0.07195596569789461,
    "mse_train": 0.0045962825650426664,
    "mae_train": 0.05063454409692179,
    "rmse_train": 0.06779588899809978
}