{
    "simulation_name": "x48_y48_z32_Ra2500_Pr0.7_t0.01_snap0.125_dur300",
    "mse": 0.004582295919092195,
    "mae": 0.051728343201195084,
    "rmse": 0.06769265779308857,
    "mse_train": 0.0046916913459891145,
    "mae_train": 0.05244696610099438,
    "rmse_train": 0.06849592211211639
}