{
    "train_loss": [
        0.1055325024573137
    ],
    "valid_loss": [
        0.02092431902123657
    ],
    "epoch_duration": [
        586.567300081253
    ],
    "best_epoch": 1,
    "best_valid_loss": 0.02092431902123657,
    "lr": [
        0.001
    ]
}