{
    "train_loss": [
        0.10005847775405978,
        0.028167621006667365,
        0.020324085072512838,
        0.0165409354562697,
        0.01417449784998535,
        0.012686279409116789,
        0.011568215536611682,
        0.010934728315271938,
        0.010218321567622701,
        0.009753874190312718,
        0.009201671491692142,
        0.008825121326054619,
        0.008570378582772868,
        0.008202766634505289,
        0.008050653324187643,
        0.007860293380253432,
        0.0076777979551953075,
        0.007545114417443499,
        0.007308754381504612,
        0.00714606402909456,
        0.0070089487110420205,
        0.006946212911695019,
        0.006827148809217703,
        0.006704897259951183,
        0.006675426967609256,
        0.0064767978178896166,
        0.006390600915493464,
        0.00641836712356728,
        0.006283953771651633,
        0.006159678006084854,
        0.006052768379697578,
        0.0061293542666898005,
        0.005975669144295893,
        0.006008742893840855,
        0.005873248234146576,
        0.005845156276996494,
        0.005770415424486175,
        0.005734669983600663,
        0.0057528819853218515,
        0.005658828690245512,
        0.0053406177841882506,
        0.00529873472633009,
        0.00530218972142473,
        0.005296289380051424,
        0.00527067557000497,
        0.005269222358181292,
        0.005270834567825792,
        0.005040558911890956,
        0.005038870054475982,
        0.0050124976468130834,
        0.005000148584535121,
        0.005001701388495695,
        0.004998469459170093,
        0.004989620309991952,
        0.004977311631192392,
        0.004989941491484518,
        0.004943786678852782,
        0.0049388372091574905,
        0.004917234133585284,
        0.004928566821318984,
        0.0048231175948160445,
        0.004819600193212405,
        0.004810996371586919,
        0.004807378467271478,
        0.004799470413284235,
        0.0047956819572514625,
        0.0047905941150079194,
        0.0047408198618042845,
        0.004738987553849234,
        0.004729154990352721,
        0.004730161518347779,
        0.004720473189235155,
        0.004730561471692072,
        0.004695998772232486,
        0.004682874377408155,
        0.004697114955370662,
        0.004698909577353859,
        0.004687854416005728,
        0.004685677123563372,
        0.00467074358230418,
        0.004674071418500798
    ],
    "valid_loss": [
        0.01905635581107954,
        0.01170371488582092,
        0.010081416864106036,
        0.0074411440584947934,
        0.006479228977485562,
        0.00688745404414814,
        0.004498391655132063,
        0.004366596476256178,
        0.004074382291702632,
        0.004109755826375431,
        0.003731904723600222,
        0.00412132984173584,
        0.004344435150913913,
        0.003674527721832555,
        0.0032892840556763207,
        0.007573993599037651,
        0.003408554746441896,
        0.0034453070952447868,
        0.003651319067702255,
        0.0029744671138602673,
        0.00325626796099852,
        0.0029027020718967378,
        0.003926045493341221,
        0.0027344188752800153,
        0.0026846915009684693,
        0.0028482763406743952,
        0.0029286051091234064,
        0.0027457785475627516,
        0.0026584249795728043,
        0.0028937203093127644,
        0.0028201257909864115,
        0.0027417727744908182,
        0.0026724391662169646,
        0.002276950482594922,
        0.002559163423482691,
        0.0026859126182649275,
        0.00270722552894747,
        0.002317936868149035,
        0.0027496459928719776,
        0.002754251352230324,
        0.0019498083806664048,
        0.0021197653499819766,
        0.0023001356356942147,
        0.0022621979510778576,
        0.0024858429823581716,
        0.00202400369582433,
        0.0022852268154753786,
        0.001920479888728172,
        0.0018979259417102,
        0.0018426558990472755,
        0.0022093965052429614,
        0.0018940242325557288,
        0.0022032593704407054,
        0.0017687972469552608,
        0.0018481947221512213,
        0.0019125312451793444,
        0.0019240223040846072,
        0.0019135822090866077,
        0.0020628410519247043,
        0.002141041488054573,
        0.0016819838104082127,
        0.00203461055376769,
        0.001958508965991289,
        0.0017501101730985943,
        0.001851823102297294,
        0.0018014346849767866,
        0.0017748454429483288,
        0.0017880157450274414,
        0.001711400729160468,
        0.0017109913299176052,
        0.0018872288229905458,
        0.0017185416419820817,
        0.0017832082943605291,
        0.0017518812874123045,
        0.001792640527861281,
        0.0017285813392253775,
        0.0017351231052356766,
        0.0017025839574542128,
        0.0016826841881512628,
        0.0017138750067078265,
        0.0016949707298467582
    ],
    "epoch_duration": [
        588.323324918747,
        599.341283082962,
        603.4441726207733,
        610.0052487850189,
        589.3903250694275,
        608.5564091205597,
        605.24476146698,
        598.4318857192993,
        602.4785351753235,
        600.7287588119507,
        601.1081981658936,
        625.1224505901337,
        603.7714607715607,
        605.7956321239471,
        591.1529519557953,
        610.268660068512,
        607.2623093128204,
        605.0731942653656,
        626.8761837482452,
        626.2115972042084,
        596.1264998912811,
        599.7829358577728,
        606.21986079216,
        603.5735573768616,
        598.9331686496735,
        607.5869071483612,
        603.2663862705231,
        608.4055116176605,
        604.4031126499176,
        608.218982219696,
        609.8035082817078,
        604.9923598766327,
        626.52650141716,
        627.4590394496918,
        627.047602891922,
        627.640029668808,
        627.1235671043396,
        627.1814336776733,
        626.8865756988525,
        626.7521517276764,
        626.711585521698,
        604.0957713127136,
        604.2977004051208,
        604.934023141861,
        599.8630585670471,
        625.5719866752625,
        603.1974456310272,
        603.1193060874939,
        600.5234365463257,
        613.5907566547394,
        606.1225762367249,
        605.5674946308136,
        604.9334111213684,
        607.3973119258881,
        605.7037856578827,
        606.6235272884369,
        606.5964455604553,
        605.6620683670044,
        606.5098538398743,
        606.6599428653717,
        606.9559881687164,
        619.6634821891785,
        619.4863302707672,
        619.3238997459412,
        619.6081256866455,
        619.567877292633,
        619.9564135074615,
        618.892365694046,
        619.8883254528046,
        619.3035569190979,
        619.5723605155945,
        619.2476637363434,
        620.3057405948639,
        619.8212585449219,
        619.9961886405945,
        619.6454315185547,
        620.9009397029877,
        620.8844871520996,
        620.6506876945496,
        620.0271954536438,
        620.9358599185944
    ],
    "best_epoch": 61,
    "best_valid_loss": 0.0016819838104082127,