{
    "train_loss": [
        0.09365689541187668,
        0.02492462285637162,
        0.01775277562296995,
        0.014253968254958008,
        0.012404071968838462,
        0.011116520012554683,
        0.01030388571111391,
        0.009644508816097443,
        0.00897278639310638,
        0.008592464207692486,
        0.008248011319931359,
        0.007833028019112492,
        0.007538658861188545,
        0.00743804515687035,
        0.0070601445608033005,
        0.006869124042695498,
        0.006711101416012246,
        0.006575813340464435,
        0.006392285387408753,
        0.0062456900727681985,
        0.006165850134790935,
        0.006142569047337706,
        0.006010722846384234,
        0.005861318233273521,
        0.005810767791759616,
        0.005680564324993173,
        0.005652218544662172,
        0.005617690556361367,
        0.0054937467861576866,
        0.00543139956075565
    ],
    "valid_loss": [
        0.01813084841740696,
        0.01206480259321946,
        0.008436639493150159,
        0.00600202576120261,
        0.005428962121274034,
        0.005875056742358386,
        0.004139142563947456,
        0.00432969618755906,
        0.003874237935971515,
        0.004742991667881868,
        0.003687437830674009,
        0.0032930804025196004,
        0.003554183889431252,
        0.0031787976797930245,
        0.002754493597128482,
        0.00277928682915086,
        0.003059602025989211,
        0.0027525617649309577,
        0.0033104963541411773,
        0.002966915549910128,
        0.0026003968327113444,
        0.002779387961956963,
        0.0027088904049609812,
        0.0027051208676663495,
        0.0024091886267056713,
        0.002316645863047915,
        0.002421926308604436,
        0.002159926037599061,
        0.002297349651216383,
        0.0029637262977641123
    ],
    "epoch_duration": [
        5427.680694580078,
        5426.500091552734,
        5427.560563325882,
        5428.846282482147,
        5429.72328543663,
        5427.384473085403,
        5430.1682550907135,
        5427.059770584106,
        5428.343815326691,
        5427.724168777466,
        5426.76676774025,
        5426.619564533234,
        3681.335061073303,
        3680.3780455589294,
        3679.8552317619324,
        3679.9647414684296,
        3680.2497334480286,
        3680.0707449913025,
        3679.5948894023895,
        3679.64900803566,
        3679.8308024406433,
        3679.6119105815887,
        3680.21621966362,
        3679.9970076084137,
        3680.00430727005,
        3679.7840259075165,
        3679.79562830925,
        3679.7592256069183,
        3680.3015909194946,
        3679.734140396118
    ],
    "best_epoch": 28,
    "best_valid_loss": 0.002159926037599061,
    "lr": [
        0.001,
        0.001,
        0.001,
        0.001,
        0.001,
        0.001,
        0.001,
        0.001,
        0.001,
        0.001,
        0.001,
        0.001,
        0.001,
        0.001,
        0.001,
        0.001,
        0.001,
        0.001,
        0.001,
        0.001,
        0.001,
        0.001,
        0.001,
        0.001,
        0.001,
        0.001,
        0.001,
        0.001,
        0.001,
        0.001
    ]
}