{
    "simulation_name": "x48_y48_z32_Ra2500_Pr0.7_t0.01_snap0.125_dur300",
    "mse": 0.0019361112963307524,
    "mae": 0.032445659799065205,
    "rmse": 0.044001264712855155,
    "mse_train": 0.0016526709062012006,
    "mae_train": 0.03039738488262222,
    "rmse_train": 0.04065305531200823
}