{
    "train_loss": [
        0.11168424327821407
    ],
    "valid_loss": [
        0.02327918641343527
    ],
    "epoch_duration": [
        483.70782113075256
    ],
    "best_epoch": 1,
    "best_valid_loss": 0.02327918641343527,
    "lr": [
        0.001
    ]
}