{
    "train_loss": [
        0.2844113675287537
    ],
    "valid_loss": [
        0.13059186064394335
    ],
    "epoch_duration": [
        604.5883936882019
    ],
    "best_epoch": 1,
    "best_valid_loss": 0.13059186064394335,
    "lr": [
        0.001
    ]
}