{
    "train_loss": [
        0.3065215767247421,
        0.08761679058831033,
        0.05396518625956918,
        0.04198810962939996,
        0.03656030308489292,
        0.0325247289583471,
        0.031023549676833306,
        0.029283322595796878,
        0.0281422383655931,
        0.026475388503765823,
        0.026080167948803305,
        0.02531981806047044,
        0.02450554083912004,
        0.02372208604850773,
        0.02339059265945122,
        0.02269085912825114,
        0.022452846116828403,
        0.022028744178309304,
        0.021422124830564656,
        0.02095125837070389,
        0.020896742134320172,
        0.020569439890391117,
        0.020181421415937612,
        0.01964913518915103,
        0.019400924841500973,
        0.019046368107744682,
        0.016924493781856863,
        0.016718757780561422,
        0.01673401175059087,
        0.01653797433418179,
        0.016521045235810137,
        0.016542654248544404,
        0.016470291629334537,
        0.016521854880277503,
        0.016037373940583476,
        0.015823785699625264,
        0.015827382800919457,
        0.0157518158018812,
        0.015556924592421785,
        0.015495368329837535,
        0.015535551027014715,
        0.015129425026110976,
        0.015223299832712683,
        0.015053647765556873,
        0.015025679114199586,
        0.014854598752782678,
        0.014750736269012948,
        0.014720165515697855,
        0.014669124716745746,
        0.014498226829523458,
        0.014538249069962617,
        0.014367131355775215,
        0.01439001884865741,
        0.014183911348748038,
        0.014305680622180253,
        0.013362911096460504,
        0.01333088725588516,
        0.013411407227490905,
        0.01330395848834802,
        0.013296139920757448,
        0.013303147540648382,
        0.01325322555506591
    ],
    "valid_loss": [
        0.133745813934583,
        0.05270250727633883,
        0.03532199367992301,
        0.030739186258238748,
        0.020463054868720118,
        0.02330067276471571,
        0.01885818635807965,
        0.020142580514908432,
        0.016879685282558576,
        0.015157029232906731,
        0.015221876567438654,
        0.013289252501863642,
        0.015027259548480373,
        0.013494128221994327,
        0.012447094113247799,
        0.012133016928268639,
        0.013350807696097807,
        0.014264173236236608,
        0.010820904239417608,
        0.010409753548534137,
        0.011789442694971241,
        0.011807196602652644,
        0.011717591521578686,
        0.011838182258858646,
        0.010900768611180663,
        0.010683408948102794,
        0.008266121017609599,
        0.009443284429498296,
        0.008763380041647879,
        0.008511418128325754,
        0.008151292991812836,
        0.00828918693749759,
        0.008428688934467677,
        0.008353139135865797,
        0.00844765977650658,
        0.007261514730119795,
        0.007688794362165982,
        0.007841219173330916,
        0.00870062817036734,
        0.0077544964854593884,
        0.007029857722220204,
        0.007508641026654,
        0.007305469998899392,
        0.007320257494147133,
        0.007893679530691922,
        0.006887595949838509,
        0.007165341447815857,
        0.007021976147135,
        0.006685565083642999,
        0.008140655432797577,
        0.0075764619664026615,
        0.007169487422792022,
        0.007285450623739985,
        0.007813086059696954,
        0.007218679409251174,
        0.006067037097923922,
        0.006327644045095417,
        0.006133478407764301,
        0.00622777171674512,
        0.006119834119802401,
        0.006023318148647758,
        0.006325195842141523
    ],
    "epoch_duration": [
        265.5548195838928,
        264.4246485233307,
        265.65134859085083,
        265.2654585838318,
        264.4317378997803,
        264.67476201057434,
        264.637193441391,
        264.1287271976471,
        265.13096261024475,
        264.73303747177124,
        265.44212102890015,
        265.387309551239,
        265.50287413597107,
        265.3713228702545,
        265.58764719963074,
        264.9565453529358,
        265.39775681495667,
        265.25938630104065,
        265.90902853012085,
        264.696008682251,
        263.25274872779846,
        263.086195230484,
        263.2858476638794,
        263.5919711589813,
        262.7691686153412,
        264.2566707134247,
        262.10699677467346,
        262.7486755847931,
        262.38390851020813,
        263.31484627723694,
        262.8102493286133,
        263.38274216651917,
        264.4699058532715,
        264.19001173973083,
        263.5248591899872,
        263.8996090888977,
        264.2968075275421,
        264.1978237628937,
        264.6043951511383,
        264.52052569389343,
        263.24018359184265,
        265.1059317588806,
        264.0076994895935,
        264.68371772766113,
        264.49337697029114,
        264.43691992759705,
        265.28988313674927,
        263.76765537261963,
        264.41252398490906,
        264.24364614486694,
        263.80124378204346,
        263.8447313308716,
        265.30069971084595,
        264.1968333721161,
        263.9870750904083,
        263.4886860847473,
        263.424414396286,
        264.45299243927,
        265.16062593460083,
        264.8337905406952,
        265.03482460975647,
        264.45436835289
    ],
    "best_epoch": 61,
    "best_valid_loss": 0.006023318148647758,
    "lr": [
        0.001,
        0.001,
        0.001,
        0.001,
        0.001,
        0.001,
        0.001,
        0.001,
        0.001,
        0.001,
        0.001,
        0.001,
        0.001,
        0.001,
        0.001,
        0.001,
        0.001,
        0.001,
        0.001,
        0.001,
        0.001,
        0.001,
        0.001,
        0.001,
        0.001,
        0.0005,
        0.0005,
        0.0005,
        0.0005,
        0.0005,
        0.0005,
        0.0005,
        0.0005,
        0.0005,
        0.0005,
        0.0005,
        0.0005,
        0.0005,
        0.0005,
        0.0005,
        0.0005,
        0.0005,
        0.0005,
        0.0005,
        0.0005,
        0.0005,
        0.0005,
        0.0005,
        0.0005,
        0.0005,
        0.0005,
        0.0005,
        0.0005,
        0.0005,
        0.00025,
        0.00025,
        0.00025,
        0.00025,
        0.00025,
        0.00025,
        0.00025,
        0.00025
    ]
}