{
    "train_loss": [
        0.10630347243915075,
        0.02974836161222343,
        0.021348743411655834,
        0.01739401398900144,
        0.01495847857649363,
        0.0132201952862856,
        0.01215536434633823,
        0.011233880283064825,
        0.010652358400777094,
        0.010018967018801029,
        0.009492418595766982,
        0.009137920828277581,
        0.008878359113102245,
        0.008522750576454852,
        0.008235985023168505,
        0.008049744468860495,
        0.007795779305066626,
        0.0075874136492969195,
        0.007504854004068342,
        0.007367503536742797,
        0.007096274463802031,
        0.007113359437160758,
        0.006959066380524476,
        0.006779324101456011,
        0.006653602513177313,
        0.0066686746763438606,
        0.006505551601969889,
        0.006447004232902454,
        0.00630790551176801,
        0.00632809995521086,
        0.0058751316625758054,
        0.0058283014401037895,
        0.005800579512663687,
        0.005762965095725688,
        0.005702624730657436,
        0.0057409240385782245,
        0.00566053536340458,
        0.005620333643092875,
        0.005427270434821584,
        0.005412156525952857,
        0.005379312920228502,
        0.005397411036759565,
        0.0053921304503029965,
        0.005347749954809498,
        0.005326648499640146,
        0.005215460316805248,
        0.005204428242889549,
        0.005191007905646676,
        0.005191733543579146,
        0.00518471011009411,
        0.005150994139468779,
        0.005160327424261957,
        0.0051496288154648925,
        0.005132755193493932,
        0.005142238676928894,
        0.005130595834469012,
        0.005103352498990838,
        0.005053195639274215,
        0.005043454479011192,
        0.005034273504476966,
        0.0050422937376231125,
        0.005024276357391851,
        0.005020931634915712,
        0.005006160399569191,
        0.004997957023193538,
        0.004986432384380626,
        0.00498990714673885,
        0.004993264194258976,
        0.004980526343591864,
        0.0049615674989695905,
        0.00496158375445806
    ],
    "valid_loss": [
        0.021069613772623258,
        0.01236722717883804,
        0.009226146037980654,
        0.007271041948710593,
        0.006607608438615787,
        0.005496485041050319,
        0.005867996332734972,
        0.004577473165964396,
        0.004638581068029724,
        0.0040781139017563505,
        0.004408949303749642,
        0.003873323644058514,
        0.0035080840339665846,
        0.003479394667370807,
        0.004318451328885897,
        0.003460421197190695,
        0.0031971902082537176,
        0.0032949531888658936,
        0.003343853010259513,
        0.002866519643620883,
        0.003136089660849729,
        0.003922515262865887,
        0.003189389295922476,
        0.002677776636625466,
        0.0030529056786050895,
        0.0031703451727319535,
        0.004474661009911067,
        0.002939011861902297,
        0.0027059255436090684,
        0.002884834249413333,
        0.003316835752987951,
        0.002088931078286354,
        0.0026600819025328036,
        0.0022396758427504367,
        0.002123874556296447,
        0.00231727978012564,
        0.002268619976120251,
        0.0024559671684003383,
        0.001866196021855695,
        0.0021732471392088178,
        0.001939601731484296,
        0.001996330940222688,
        0.0021978882101928803,
        0.0020148520091980548,
        0.002075028894213667,
        0.002219145993778756,
        0.002053346837919549,
        0.001873298467455102,
        0.0018632202561912209,
        0.001927860402049232,
        0.001787365273226452,
        0.002036267821967342,
        0.0020122162991916374,
        0.0018233507646925914,
        0.0019893672333523966,
        0.0018858914603792744,
        0.001933798105966885,
        0.0018433406823628264,
        0.0018410935669329175,
        0.0019143933797269093,
        0.001842654886379132,
        0.0019919716460430562,
        0.0018009640047085143,
        0.001866703121017135,
        0.0018850043261576992,
        0.0018688740596602535,
        0.00198583716347795,
        0.0019038151438694048,
        0.0018926369291068312,
        0.0018904790801908867,
        0.001857532960876005
    ],
    "epoch_duration": [
        590.1617834568024,
        587.6757822036743,
        588.2389998435974,
        587.700425863266,
        588.006308555603,
        603.543065071106,
        595.3495032787323,
        592.0413017272949,
        594.9210548400879,
        603.3770689964294,
        590.1027946472168,
        602.0503621101379,
        588.2144758701324,
        589.9358642101288,
        596.3292651176453,
        625.1869471073151,
        586.9958567619324,
        587.0388989448547,
        588.1425225734711,
        587.5037529468536,
        587.8902089595795,
        587.4585981369019,
        590.8388252258301,
        587.5196032524109,
        600.3798017501831,
        625.4641935825348,
        587.5237953662872,
        599.1226651668549,
        601.4556696414948,
        625.2694046497345,
        625.782331943512,
        625.5741031169891,
        602.3973526954651,
        602.6472806930542,
        610.2284967899323,
        598.4422137737274,
        605.0611023902893,
        598.4613969326019,
        605.3142297267914,
        604.5400989055634,
        604.1236226558685,
        603.7102677822113,
        604.1492464542389,
        605.9079637527466,
        603.752593755722,
        605.6492097377777,
        602.1781685352325,
        603.63272356987,
        602.3865394592285,
        605.038494348526,
        604.4017808437347,
        592.7774920463562,
        599.2086985111237,
        598.9668262004852,
        598.6991877555847,
        597.6966025829315,
        596.0418107509613,
        595.9995992183685,
        600.0712893009186,
        594.5836322307587,
        594.1585056781769,
        597.6511693000793,
        594.2754046916962,
        599.2198250293732,
        625.0247876644135,
        625.4892897605896,
        625.0880229473114,
        625.685875415802,
        624.5289187431335,
        625.1665921211243,
        624.9228749275208
    ],
    "best_epoch": 51,
    "best_valid_loss": 0.001787365273226452,
    "lr": [
        0.001,
        0.001,
        0.001,
        0.001,
        0.001,
        0.001,
        0.001,
        0.001,
        0.001,
        0.001,
        0.001,
        0.001,
        0.001,
        0.001,
        0.001,
        0.001,
        0.001,
        0.001,
        0.001,
        0.001,
        0.001,
        0.001,
        0.001,
        0.001,
        0.001,
        0.001,
        0.001,
        0.001,
        0.001,
        0.0005,
        0.0005,
        0.0005,
        0.0005,
        0.0005,
        0.0005,
        0.0005,
        0.0005,
        0.00025,
        0.00025,
        0.00025,
        0.00025,
        0.00025,
        0.00025,
        0.00025,
        0.000125,
        0.000125,
        0.000125,
        0.000125,
        0.000125,
        0.000125,
        0.000125,
        0.000125,
        0.000125,
        0.000125,
        0.000125,
        0.000125,
        6.25e-05,
        6.25e-05,
        6.25e-05,
        6.25e-05,
        6.25e-05,
        6.25e-05,
        3.125e-05,
        3.125e-05,
        3.125e-05,
        3.125e-05,
        3.125e-05,
        3.125e-05,
        1.5625e-05,
        1.5625e-05,
        1.5625e-05
    ]
}