{
    "simulation_name": "x48_y48_z32_Ra2500_Pr0.7_t0.01_snap0.125_dur300",
    "mse": 0.005572003281919197,
    "mae": 0.05602608222906138,
    "rmse": 0.07464585240935491,
    "mse_train": 0.005380224250829803,
    "mae_train": 0.055372078406396616,
    "rmse_train": 0.07335001193476251
}