{
    "mse": 0.005572003281919197,
    "mae": 0.05602608222906138,
    "rmse": 0.07464585240935491,
    "mse_train": 0.005380224250829803,
    "mae_train": 0.055372078406396616,
    "rmse_train": 0.07335001193476251
}