{
    "simulation_name": "x48_y48_z32_Ra2500_Pr0.7_t0.01_snap0.125_dur300",
    "mse": 0.004608073591144703,
    "mae": 0.05092874681022728,
    "rmse": 0.06788279304171789,
    "mse_train": 0.004411447802998195,
    "mae_train": 0.05013155111822577,
    "rmse_train": 0.06641873081441857
}