{
    "train_loss": [
        0.09894543367988451,
        0.026732241839839337,
        0.018978236018620424,
        0.015308961946848573,
        0.013142649470019469,
        0.011685909180346867,
        0.010778763373742378,
        0.009980339291857761,
        0.009360841879697017,
        0.008891557731626188,
        0.008402297812562779,
        0.008118574523482339,
        0.00784581476839527,
        0.0076108827681457955,
        0.007351518759127716,
        0.00714708702586102,
        0.006900094184135757,
        0.0066803411815194716,
        0.006576887587532835,
        0.006554347851816085,
        0.00634379972156419,
        0.006174204001669228,
        0.006172181040989986,
        0.006026031998011686,
        0.00593201137292613,
        0.005797591724944729,
        0.005667069212456891,
        0.005611448222887412,
        0.0055197927149373445,
        0.005512670389471803,
        0.0054681537368629785,
        0.005424041804142996,
        0.005320141271859135,
        0.005275933506433308,
        0.004904743269200461,
        0.004866872262751571,
        0.004852143884655816,
        0.004851441347316614,
        0.004819743265262367,
        0.004807132469600102,
        0.004759258284765363,
        0.004568872672636511,
        0.004550779549093764,
        0.0045496038110123165,
        0.004544657221217257,
        0.00453726868094847,
        0.004506642503643769,
        0.004494390148880055,
        0.004489953792944291,
        0.004462489813987355,
        0.004375674164639546,
        0.004361039857091328,
        0.00435284132111573,
        0.004342429598070316
    ],
    "valid_loss": [
        0.019353101770405164,
        0.011281122870631795,
        0.009049079652197492,
        0.006651087247875712,
        0.006078598043066159,
        0.005882870634678667,
        0.004803423222358759,
        0.004009722447733481,
        0.004517971111363975,
        0.003524635152593998,
        0.0037778493520940776,
        0.00333549914593597,
        0.0033624609903272176,
        0.0036988231488166755,
        0.0033419698021581344,
        0.0029140120314113667,
        0.002776363764209046,
        0.0026272374240128775,
        0.0028881687553659863,
        0.003099872249566446,
        0.002564882667633029,
        0.002593974458597173,
        0.002584057067871614,
        0.00252488718038318,
        0.002959905021436085,
        0.002495710437123355,
        0.0022366807466266013,
        0.002161254110674088,
        0.002294435302501642,
        0.0023106529473784633,
        0.0024602967616347156,
        0.0022949645205161667,
        0.0023247631145943133,
        0.0024295586443499216,
        0.0018608501732600225,
        0.002021116866240106,
        0.0019476531445631697,
        0.002236866120578828,
        0.0025347892018476328,
        0.0024673759403111336,
        0.001921013706686565,
        0.001865881187794846,
        0.0016379245390832201,
        0.0016267496942103542,
        0.0019796006672404835,
        0.0017263434312313312,
        0.001866303351092294,
        0.0017111913580911936,
        0.0018474298060762503,
        0.001814950245114373,
        0.0015669024328206506,
        0.0016758001520370419,
        0.0016340878746818352,
        0.0017525383293340703
    ],
    "epoch_duration": [
        2834.312172651291,
        2835.2097022533417,
        2835.1821019649506,
        2834.0273530483246,
        2835.093607187271,
        2834.9421548843384,
        2834.2426104545593,
        2834.499976873398,
        2833.768904685974,
        2833.917157649994,
        2834.7215785980225,
        2834.3705716133118,
        2834.0132205486298,
        2833.939883708954,
        2834.649481534958,
        2834.056920528412,
        2833.670381784439,
        2835.043789625168,
        2834.090750694275,
        2834.1296429634094,
        2834.298972129822,
        2834.494899749756,
        2834.4592514038086,
        2833.685953617096,
        2834.53364276886,
        2834.1536481380463,
        2446.432149887085,
        2439.509155035019,
        2440.216545343399,
        2440.038347005844,
        2439.553941965103,
        2440.4913380146027,
        2440.797540664673,
        2441.044294118881,
        2440.8768544197083,
        2440.5184621810913,
        2440.152249097824,
        2440.337902069092,
        2440.264564037323,
        2439.323271751404,
        2440.186466693878,
        2440.2901175022125,
        2440.74200630188,
        2440.5824160575867,
        2440.1227173805237,
        2440.527633666992,
        2440.452354669571,
        2440.6960875988007,
        2440.549623966217,
        2440.3770134449005,
        2440.679363489151,
        2440.1167776584625,
        2440.6271619796753,
        2440.8576712608337
    ],
    "best_epoch": 51,
    "best_valid_loss": 0.0015669024328206506,
    "lr": [
        0.001,
        0.001,
        0.001,
        0.001,
        0.001,
        0.001,
        0.001,
        0.001,
        0.001,
        0.001,
        0.001,
        0.001,
        0.001,
        0.001,
        0.001,
        0.001,
        0.001,
        0.001,
        0.001,
        0.001,
        0.001,
        0.001,
        0.001,
        0.001,
        0.001,
        0.001,
        0.001,
        0.001,
        0.001,
        0.001,
        0.001,
        0.001,
        0.001,
        0.0005,
        0.0005,
        0.0005,
        0.0005,
        0.0005,
        0.0005,
        0.0005,
        0.00025,
        0.00025,
        0.00025,
        0.00025,
        0.00025,
        0.00025,
        0.00025,
        0.00025,
        0.00025,
        0.000125,
        0.000125,
        0.000125,
        0.000125,
        0.000125
    ]
}