{
    "simulation_name": "x48_y48_z32_Ra5000_Pr0.7_t0.01_snap0.125_dur300",
    "mse": 0.012635866453545906,
    "mae": 0.08366425726784482,
    "rmse": 0.1124093699544033,
    "mse_train": 0.012444676646524346,
    "mae_train": 0.083182982744976,
    "rmse_train": 0.11155571095432248
}