{
    "train_loss": [
        0.10370124159558852,
        0.030763238351033412,
        0.022349055364096253,
        0.01819948090406031,
        0.015818811293787392,
        0.014047973225681314,
        0.012905021530211417,
        0.012010074575166107,
        0.011291592492445598,
        0.010709137437479603,
        0.010158536539367359,
        0.009842435560550724,
        0.009506740038618384,
        0.009214033840142084,
        0.008879419758061221,
        0.008720476677639723,
        0.008411455477091637,
        0.008215293356357569,
        0.008063152815654243,
        0.007980793674885979,
        0.007780571009558088,
        0.007654359538947307,
        0.007575316223256284,
        0.0074662624810321425,
        0.007339557774011928,
        0.007189728653078538,
        0.007132619863077193,
        0.007093465589497824,
        0.007058462555925126,
        0.0069510394155341245,
        0.006805202238267893
    ],
    "valid_loss": [
        0.022337485515417303,
        0.01380308073645741,
        0.01041551848683051,
        0.008274805469164379,
        0.00691400682182049,
        0.006993669391774626,
        0.005961605339564216,
        0.005243095348210555,
        0.005158236964914641,
        0.004294478197458974,
        0.004229820056579208,
        0.004374647672355472,
        0.004207859650611915,
        0.004168097734534904,
        0.004000273626762212,
        0.0032726959350920675,
        0.0034131821558492587,
        0.003104085522585379,
        0.003700211924033941,
        0.003302192609720025,
        0.0030332310622246785,
        0.0031626849880028616,
        0.0031454808611720056,
        0.00339525512052686,
        0.0031979669538091987,
        0.003346574255160783,
        0.0029848512078628426,
        0.0028360938271298594,
        0.0034774805328569506,
        0.002968529960317096,
        0.0025918464486410567
    ],
    "epoch_duration": [
        1935.6203141212463,
        1890.659507036209,
        1906.2445199489594,
        1901.6540031433105,
        1891.7326166629791,
        1883.890037059784,
        1883.3333926200867,
        1883.2865517139435,
        1915.1776239871979,
        1929.4312570095062,
        1887.6635944843292,
        1932.2505209445953,
        1928.745512008667,
        1928.8868958950043,
        1913.1462180614471,
        1890.1883041858673,
        1910.2775955200195,
        1899.3067281246185,
        1885.206629037857,
        1889.337605714798,
        1929.7923238277435,
        1899.3826591968536,
        1930.365441083908,
        1899.4777252674103,
        1905.9945964813232,
        1928.9684574604034,
        1891.7290530204773,
        1906.4654204845428,
        1910.2257862091064,
        1889.8247110843658,
        1909.7051360607147
    ],
    "best_epoch": 31,
    "best_valid_loss": 0.0025918464486410567,
    "lr": [
        0.001,
        0.001,
        0.001,
        0.001,
        0.001,
        0.001,
        0.001,
        0.001,
        0.001,
        0.001,
        0.001,
        0.001,
        0.001,
        0.001,
        0.001,
        0.001,
        0.001,
        0.001,
        0.001,
        0.001,
        0.001,
        0.001,
        0.001,
        0.001,
        0.001,
        0.001,
        0.001,
        0.001,
        0.001,
        0.001,
        0.001
    ]
}