{
    "simulation_name": "x48_y48_z32_Ra2500_Pr0.7_t0.01_snap0.125_dur300",
    "mse": 0.007287733759204414,
    "mae": 0.06417742841285727,
    "rmse": 0.08536822452882814,
    "mse_train": 0.007131216968465448,
    "mae_train": 0.06382824487964366,
    "rmse_train": 0.08444653319388219
}