{
    "simulation_name": "x48_y48_z32_Ra2500_Pr0.7_t0.01_snap0.125_dur300",
    "mse": 0.01494015901791124,
    "mae": 0.09165169297170545,
    "rmse": 0.12222994321323741,
    "mse_train": 0.013125381011396963,
    "mae_train": 0.08630578211964444,
    "rmse_train": 0.11456605523189216
}