{
    "mse": 0.01494015901791124,
    "mae": 0.09165169297170545,
    "rmse": 0.12222994321323741,
    "mse_train": 0.013125381011396963,
    "mae_train": 0.08630578211964444,
    "rmse_train": 0.11456605523189216
}