{
    "mse": 0.009223969927194365,
    "mae": 0.07203503977507353,
    "rmse": 0.09604150106695733,
    "mse_train": 0.008380531868401995,
    "mae_train": 0.06896305038653155,
    "rmse_train": 0.09154524492512975
}