{
    "simulation_name": "x48_y48_z32_Ra2500_Pr0.7_t0.01_snap0.125_dur300",
    "mse": 0.0023015276325630053,
    "mae": 0.03548730063965426,
    "rmse": 0.04797423925986743,
    "mse_train": 0.0020237830390505357,
    "mae_train": 0.03368509792601392,
    "rmse_train": 0.044986476179520174
}