{
    "train_loss": [
        0.10661787513213067,
        0.03248485842919409,
        0.023784322391015633,
        0.01974457264541093,
        0.017071697440428826,
        0.015253013085669908,
        0.013934324117546169,
        0.012908700428723496,
        0.01219483819602062,
        0.011620000936865113,
        0.010977005961189296,
        0.010575916567942746,
        0.01026535906123674,
        0.009795505223224437,
        0.009584387851815519,
        0.009301527617894058,
        0.008970194815480748,
        0.00889759227859533,
        0.008634819659224077,
        0.008577119439982763,
        0.008308118778565033,
        0.008126343124339408,
        0.008048873092493017,
        0.007970633606580476,
        0.007758486858729338,
        0.00765432212788206,
        0.0075424692093403215,
        0.007399212247254644,
        0.007205885014297783,
        0.00695074575040443,
        0.006832961419772229,
        0.006665199479523269,
        0.0066199053156306515,
        0.006463992857108712,
        0.006315244723990844,
        0.0058733974787827,
        0.0058511100204681615,
        0.005778110077324403,
        0.005727347354571074,
        0.0056832458432190935,
        0.0056306096776260845,
        0.005415066184455889,
        0.005408446858184148,
        0.005372626096062851,
        0.005334997321970619,
        0.005301118711999007,
        0.005317097793450132,
        0.005182639831028327,
        0.005159460861276114
    ],
    "valid_loss": [
        0.02113237502494655,
        0.01282175699123495,
        0.010014840758909608,
        0.008149330320761091,
        0.006750457011107495,
        0.010487009192865685,
        0.007636351393363868,
        0.006156701240409863,
        0.006679229713056673,
        0.004872468263932743,
        0.004870138479224836,
        0.004061620561940192,
        0.004197375240394302,
        0.004963596698426249,
        0.005560253989044345,
        0.003898173242463658,
        0.003690785400457959,
        0.0034787316611524385,
        0.004713739365329989,
        0.004203299452618062,
        0.0035623943651480567,
        0.003686912590057178,
        0.0034267422568954138,
        0.003326665048029952,
        0.0037051744029817737,
        0.00342290841793163,
        0.00350129821539817,
        0.003168515616242874,
        0.00298019952124491,
        0.0038007266522197057,
        0.004304859886860982,
        0.0050990015409998314,
        0.005050081892073749,
        0.0054264498507590065,
        0.0070454664937129935,
        0.007012198603667895,
        0.006860508296889558,
        0.007045773972299628,
        0.007567810454171272,
        0.00915849844082038,
        0.008581560597919912,
        0.00890020288787132,
        0.009020048633050592,
        0.009098898892074898,
        0.010020531959218575,
        0.009929111984528212,
        0.01001645902640876,
        0.010807487381589681,
        0.010304914346601154
    ],
    "epoch_duration": [
        511.7518343925476,
        512.8706500530243,
        513.555650472641,
        512.0735015869141,
        520.4551515579224,
        513.7695074081421,
        511.6744854450226,
        518.4983267784119,
        513.0432868003845,
        511.59015440940857,
        522.7000489234924,
        519.5298004150391,
        511.67957520484924,
        511.71483612060547,
        512.3907706737518,
        511.63058137893677,
        511.4462888240814,
        516.0205447673798,
        512.6114029884338,
        519.9666740894318,
        516.1625018119812,
        511.64297437667847,
        511.5947148799896,
        511.5498960018158,
        511.0496561527252,
        511.9083251953125,
        510.6242470741272,
        510.9169704914093,
        511.23960518836975,
        511.624285697937,
        511.5910847187042,
        522.7906627655029,
        512.8397653102875,
        511.7143270969391,
        511.47163915634155,
        519.0323238372803,
        527.8068013191223,
        518.3141255378723,
        517.7116732597351,
        519.637425661087,
        517.8962779045105,
        512.0077917575836,
        511.4054343700409,
        511.97590589523315,
        511.53591299057007,
        511.82437658309937,
        512.0287265777588,
        511.44068479537964,
        511.67664551734924
    ],
    "best_epoch": 29,
    "best_valid_loss": 0.00298019952124491,
    "lr": [
        0.001,
        0.001,
        0.001,
        0.001,
        0.001,
        0.001,
        0.001,
        0.001,
        0.001,
        0.001,
        0.001,
        0.001,
        0.001,
        0.001,
        0.001,
        0.001,
        0.001,
        0.001,
        0.001,
        0.001,
        0.001,
        0.001,
        0.001,
        0.001,
        0.001,
        0.001,
        0.001,
        0.001,
        0.001,
        0.001,
        0.001,
        0.001,
        0.001,
        0.001,
        0.0005,
        0.0005,
        0.0005,
        0.0005,
        0.0005,
        0.0005,
        0.00025,
        0.00025,
        0.00025,
        0.00025,
        0.00025,
        0.00025,
        0.000125,
        0.000125,
        0.000125
    ]
}