{
    "train_loss": [
        0.01049489202433542,
        0.004728154465081465,
        0.0033557787194855655,
        0.0027906312199478455,
        0.0027529615896519474,
        0.0020513709034546677,
        0.002108811527214352,
        0.0017928954581734814,
        0.00160298913662207,
        0.001620894910389829,
        0.0013766338035538337,
        0.0016630914787810285,
        0.0013386487030916895,
        0.0013026698973793139,
        0.0013952029258284288,
        0.0011523130177743316,
        0.0013612986550354052,
        0.001299382534868271,
        0.0012037800608115474,
        0.0016817956728524663,
        0.001099925209038533,
        0.0011723657977880263,
        0.001070895460652611,
        0.001108257162204785,
        0.0025038044821142497,
        0.0014073483368465401,
        0.001276483307174852,
        0.0010860495302526167,
        0.0011496815771371446,
        0.001078418408894093,
        0.0010964973991315255,
        0.0020119235979508946,
        0.0011071091693675072,
        0.001099335503950525,
        0.0013519268271453473,
        0.0010319007193564298,
        0.001359035656621317,
        0.0011385544981103995,
        0.0010514185224184112,
        0.0013286279515381315,
        0.0013238358486512111,
        0.0010306124672745558,
        0.001433650593185051,
        0.0012979485527692964,
        0.001160274952589311,
        0.0011146669779219698,
        0.0011167932765996967,
        0.0013335493062864932,
        0.0011544763711760547
    ],
    "valid_loss": [
        0.01853420180624596,
        0.015030670298166595,
        0.008943865442540304,
        0.007444317560267011,
        0.0067672982735029604,
        0.00908807023835656,
        0.0058084904589328565,
        0.004929733420622503,
        0.007648308979865699,
        0.00424785842970925,
        0.005226463742485834,
        0.004033512269952747,
        0.01180934829905128,
        0.011757282821022954,
        0.0041384040981827346,
        0.0036842441704659653,
        0.00454891118326364,
        0.003562750580751932,
        0.0043195745751079435,
        0.0035287402687018982,
        0.003426894353309629,
        0.005364746076057719,
        0.00331006754340678,
        0.0034245645288457746,
        0.0071392350257673395,
        0.0038997826811541384,
        0.003706521323856411,
        0.0034934834095817456,
        0.003199210198772701,
        0.0031491500368222183,
        0.004765389809834939,
        0.005597327068299966,
        0.003616629726330348,
        0.0031697319404703395,
        0.0031237165654357238,
        0.003205455361441097,
        0.003169345186983409,
        0.0031806861873522447,
        0.0031426264380392498,
        0.02214030930117365,
        0.003020096287296498,
        0.004760069990764153,
        0.004706519997795469,
        0.004573502626543472,
        0.0030024467866343733,
        0.002986740084245391,
        0.0033308388905981356,
        0.005306961141036829,
        0.0030573406595656998
    ],
    "epoch_duration": [
        1274.39067029953,
        1279.8382697105408,
        1286.471757888794,
        1282.7312591075897,
        1279.1040332317352,
        1285.7823519706726,
        1290.919444322586,
        1284.7611827850342,
        1283.3552873134613,
        1277.2891850471497,
        1281.6586310863495,
        1280.0851004123688,
        1284.981327533722,
        1290.669890165329,
        1282.2332334518433,
        1283.5586261749268,
        1279.0430963039398,
        1286.4972467422485,
        1285.180679321289,
        1285.0643548965454,
        1282.4467508792877,
        1280.4598882198334,
        1282.548244714737,
        1293.424887895584,
        1284.0670051574707,
        1282.8906028270721,
        1280.154135465622,
        1278.4441194534302,
        1278.8621501922607,
        1280.3011405467987,
        1279.3407320976257,
        1278.7027070522308,
        1278.2881829738617,
        1287.9477760791779,
        1285.9472632408142,
        1283.5447952747345,
        1282.6326138973236,
        1284.0233192443848,
        1281.546811580658,
        1280.7223210334778,
        1279.904214143753,
        1283.002423286438,
        1283.9985213279724,
        1283.6230430603027,
        1286.0064017772675,
        1282.005989074707,
        1286.211676120758,
        1284.8447523117065,
        1282.4416847229004
    ],
    "best_epoch": 46,
    "best_valid_loss": 0.002986740084245391,
    "lr": [
        0.001,
        0.001,
        0.001,
        0.001,
        0.001,
        0.001,
        0.001,
        0.001,
        0.001,
        0.001,
        0.001,
        0.001,
        0.001,
        0.001,
        0.001,
        0.001,
        0.001,
        0.001,
        0.001,
        0.001,
        0.001,
        0.001,
        0.001,
        0.001,
        0.001,
        0.001,
        0.001,
        0.001,
        0.001,
        0.001,
        0.001,
        0.001,
        0.001,
        0.001,
        0.001,
        0.001,
        0.001,
        0.001,
        0.001,
        0.001,
        0.001,
        0.001,
        0.001,
        0.001,
        0.001,
        0.001,
        0.001,
        0.001,
        0.001
    ]
}