{
    "train_loss": [
        0.010616486290874192,
        0.0054939009223577626,
        0.005015522425151245,
        0.0048048803631204895,
        0.003757022117111722,
        0.0036194391474583462,
        0.004045496486074212,
        0.00344056085390053,
        0.0051238426239923725,
        0.003575892134158512,
        0.0034497369629512263,
        0.0034088143163667297,
        0.0042702402648013785,
        0.003483696223904021,
        0.003459853015148919,
        0.0031207715404181,
        14.661377677151687,
        7.905951686736641,
        4.043780665489998,
        2.8484838980539617,
        2.3051424950999224,
        2.323336871197707,
        2.1107259290541593,
        1.5615863744758076,
        1.283494997304028,
        1.3201649088013792,
        5.858256032780405,
        2.311745959368442,
        1.856003136542473,
        1.502156928774049,
        1.329455674970551,
        1.1930445345899017,
        1.0591567992191917,
        1.0140800771849356
    ],
    "valid_loss": [
        0.035633586887099326,
        0.0164249119522557,
        0.026687026256268176,
        0.01620811657575657,
        0.011953911092417138,
        0.036117800325155255,
        0.017092131385836033,
        0.010213074130817838,
        0.01890603023658105,
        0.011112036600435546,
        0.05066505343815602,
        0.010323308247628562,
        0.012896419645198807,
        0.00846769554022164,
        0.00944196756712705,
        0.00970676456683455,
        110.37613725574738,
        42.463577758135784,
        39.591635647461686,
        110.9457423732186,
        1169.1818909251363,
        23.36569252830762,
        18.356863193336977,
        20.08486739692338,
        16.181319519649588,
        31.500336543208597,
        25.239940294504894,
        18.990257200188594,
        15.201960781225734,
        13.6543300272857,
        10.580109782321008,
        9.611028822335992,
        9.332338855171788,
        8.770143063863118
    ],
    "epoch_duration": [
        582.8615171909332,
        583.6885440349579,
        585.4331777095795,
        582.8003129959106,
        585.8258628845215,
        582.6388370990753,
        584.0269954204559,
        584.9256901741028,
        585.7511248588562,
        585.902884721756,
        582.9875180721283,
        586.2818467617035,
        586.216778755188,
        583.7529726028442,
        585.5909910202026,
        584.6460666656494,
        586.2062993049622,
        587.7300183773041,
        584.6311411857605,
        583.6654951572418,
        583.2872619628906,
        586.3183243274689,
        585.7943308353424,
        583.7737472057343,
        583.0751326084137,
        585.0908262729645,
        584.3463294506073,
        583.1211733818054,
        590.5198113918304,
        584.0729758739471,
        579.5223882198334,
        578.9857795238495,
        580.3630838394165,
        578.6081867218018
    ],
    "best_epoch": 14,
    "best_valid_loss": 0.00846769554022164,
    "lr": [
        0.001,
        0.001,
        0.001,
        0.001,
        0.001,
        0.001,
        0.001,
        0.001,
        0.001,
        0.001,
        0.001,
        0.001,
        0.001,
        0.001,
        0.001,
        0.001,
        0.001,
        0.001,
        0.001,
        0.0005,
        0.0005,
        0.0005,
        0.0005,
        0.0005,
        0.0005,
        0.00025,
        0.00025,
        0.00025,
        0.00025,
        0.00025,
        0.00025,
        0.000125,
        0.000125,
        0.000125
    ]
}