{
    "train_loss": [
        0.2565901611647503,
        0.07821046935575561,
        0.0506114494646973,
        0.04032164568380327,
        0.03504733245754777,
        0.03204705885124524,
        0.03062269556694544,
        0.028379720009411264
    ],
    "valid_loss": [
        0.09932172052060577,
        0.048428666576780285,
        0.034004642615591794,
        0.023028425703247885,
        0.02285893798673391,
        0.019200708995807794,
        0.016901242432005685,
        0.016585359691718867
    ],
    "epoch_duration": [
        263.21736907958984,
        263.73386311531067,
        264.4089584350586,
        264.5801875591278,
        264.821444272995,
        262.51374435424805,
        263.6060016155243,
        263.89191150665283
    ],
    "best_epoch": 8,
    "best_valid_loss": 0.016585359691718867,
    "lr": [
        0.001,
        0.001,
        0.001,
        0.001,
        0.001,
        0.001,
        0.001,
        0.001
    ]
}