{
    "train_loss": [
        0.00639864064906852,
        0.0027399778105489433,
        0.002153147902447924,
        0.002039112834066198,
        0.0013450793550747553,
        0.001252252071603153,
        0.001271786763609048,
        0.0010506497613447705,
        0.0012243622298771088,
        0.0010243254810548886,
        0.0008981995095990628,
        0.0008763335313634695,
        0.001020662472478924,
        0.0009083677947171845,
        0.00078998284253494,
        0.0008443717930345368,
        0.0013372347972481098,
        0.0007990228781423452,
        0.0007283930694632171,
        0.0008603682524000582,
        0.0007627196379279325,
        0.000820608576795297,
        0.0008142292646099752,
        0.000990848419010624,
        0.0007378304759078449,
        0.0006983682168856506,
        0.00079064765993969,
        0.0007521211139636568,
        0.0007673678459707841,
        0.0007131661249516451,
        0.0006708035414049233,
        0.0006848067765301673,
        0.0006524596323076898,
        0.0007031754111618593,
        0.0006536634663944906,
        0.0008789648459137253,
        0.0006548077362318021,
        0.0006581613325222445,
        0.0006967974803078194,
        0.0007000585422123935,
        0.0006860831084781754,
        0.0008637479854254935,
        0.0006716909115824556
    ],
    "valid_loss": [
        0.011506679024695439,
        0.006928351185418415,
        0.0054889935399163575,
        0.0047528267208634895,
        0.004098493043925693,
        0.00585688850657291,
        0.0036539950513420484,
        0.0034657988842542566,
        0.0029824061655305575,
        0.0028684256823351805,
        0.011881214195708615,
        0.0026962008021076977,
        0.0028235450207571918,
        0.002563555791706348,
        0.0026605691444641405,
        0.0026932527890730796,
        0.0026279911246515288,
        0.0036984629977483085,
        0.0023686955244328813,
        0.0027407447709232023,
        0.022963140280604,
        0.002978262364499795,
        0.003039456124984252,
        0.002360192744420209,
        0.002482985714820729,
        0.0025614161144042052,
        0.004901042269878887,
        0.002424997786367568,
        0.004099858670697665,
        0.0024499743253374273,
        0.0026626247603628523,
        0.0022448082282193666,
        0.0022367374303633924,
        0.0022676175695898106,
        0.0022680329845289754,
        0.0023038927670739114,
        0.002290930792643754,
        0.0022197902380611282,
        0.002321763470091085,
        0.002503749321283209,
        0.00225521722589178,
        0.002219764907226331,
        0.002207218399926428
    ],
    "epoch_duration": [
        1487.7173943519592,
        1489.2726941108704,
        1501.543306350708,
        1486.1270723342896,
        1491.0581245422363,
        1486.292392730713,
        1482.0745482444763,
        1486.4809844493866,
        1478.0142073631287,
        1494.205570936203,
        1480.233466386795,
        1479.026741027832,
        1485.6817834377289,
        1486.745059967041,
        1497.720917224884,
        1509.5181767940521,
        1503.433042049408,
        1503.3989021778107,
        1503.0213463306427,
        1505.2688159942627,
        1515.0007507801056,
        1515.0041317939758,
        1494.9124233722687,
        1483.7256979942322,
        1475.9222741127014,
        1483.1470255851746,
        1478.7329189777374,
        1485.6773405075073,
        1482.045429944992,
        1481.4968152046204,
        1481.4473614692688,
        1477.395522594452,
        1473.2205667495728,
        1479.6112999916077,
        1482.4294295310974,
        1476.7299225330353,
        1474.591735124588,
        1476.8508677482605,
        1476.9897027015686,
        1480.9189338684082,
        1480.1326305866241,
        1482.6270840168,
        1481.9289209842682
    ],
    "best_epoch": 43,
    "best_valid_loss": 0.002207218399926428,
    "lr": [
        0.001,
        0.001,
        0.001,
        0.001,
        0.001,
        0.001,
        0.001,
        0.001,
        0.001,
        0.001,
        0.001,
        0.001,
        0.001,
        0.001,
        0.001,
        0.001,
        0.001,
        0.001,
        0.001,
        0.001,
        0.001,
        0.001,
        0.001,
        0.001,
        0.001,
        0.001,
        0.001,
        0.001,
        0.001,
        0.0005,
        0.0005,
        0.0005,
        0.0005,
        0.0005,
        0.0005,
        0.0005,
        0.0005,
        0.0005,
        0.0005,
        0.0005,
        0.0005,
        0.0005,
        0.0005
    ]
}