{
    "simulation_name": "x48_y48_z32_Ra2500_Pr0.7_t0.01_snap0.125_dur300",
    "mse": 0.0011164089335377663,
    "mae": 0.02489447581493074,
    "rmse": 0.03341270616902747,
    "mse_train": 0.0008245319182470724,
    "mae_train": 0.02170359515807928,
    "rmse_train": 0.028714663819154707
}