{
    "mse": 0.0012756456601184457,
    "mae": 0.026206802575856388,
    "rmse": 0.03571618204845593,
    "mse_train": 0.0009439200524131128,
    "mae_train": 0.023073115875260865,
    "rmse_train": 0.03072328192776795
}