{
    "simulation_name": "x48_y48_z32_Ra2500_Pr0.7_t0.01_snap0.125_dur300",
    "mse": 0.0012756456601184457,
    "mae": 0.026206802575856388,
    "rmse": 0.03571618204845593,
    "mse_train": 0.0009439200524131128,
    "mae_train": 0.023073115875260865,
    "rmse_train": 0.03072328192776795
}