{
    "simulation_name": "x48_y48_z32_Ra2500_Pr0.7_t0.01_snap0.125_dur300",
    "mse": 0.0020605889561891902,
    "mae": 0.03359245259632608,
    "rmse": 0.04539371053559282,
    "mse_train": 0.0017686132528940512,
    "mae_train": 0.03154721905655684,
    "rmse_train": 0.042054883817388575
}