{
    "simulation_name": "x48_y48_z32_Ra2500_Pr0.7_t0.01_snap0.125_dur300",
    "mse": 0.0020669447129341915,
    "mae": 0.03370035262704487,
    "rmse": 0.04546366365499146,
    "mse_train": 0.0017757988012005064,
    "mae_train": 0.03166701768690899,
    "rmse_train": 0.04214022782568346
}