{
    "simulation_name": "x48_y48_z32_Ra2500_Pr0.7_t0.01_snap0.125_dur300",
    "mse": 0.0013906972991886534,
    "mae": 0.027508565050084144,
    "rmse": 0.037292054102565246
}