{
    "simulation_name": "x48_y48_z32_Ra20000_Pr0.7_t0.01_snap0.125_dur300",
    "mse": 0.04846966959949997,
    "mae": 0.16413811291198407,
    "rmse": 0.22015828305902999,
    "mse_train": 0.048343962589105435,
    "mae_train": 0.164365542297093,
    "rmse_train": 0.2198726053629816
}