{
    "simulation_name": "x48_y48_z32_Ra20000_Pr0.7_t0.01_snap0.125_dur300",
    "mse": 0.027332059537348824,
    "mae": 0.12330872416939764,
    "rmse": 0.16532410452607577,
    "mse_train": 0.026099846090569083,
    "mae_train": 0.12084459257064427,
    "rmse_train": 0.16155446787560251
}