{
    "simulation_name": "x48_y48_z32_Ra2500_Pr0.7_t0.01_snap0.125_dur300",
    "mse": [
        0.0013567457208409905,
        0.0015142125776037574,
        0.0015711619053035975,
        0.0017000882653519511
    ],
    "mae": [
        0.0277604591101408,
        0.028812779113650322,
        0.029573718085885048,
        0.029638750478625298
    ],
    "rmse": [
        0.03683402938643817,
        0.038912884467792376,
        0.03963788472287084,
        0.04123212661689852
    ],
    "mse_train": [
        0.001066977740265429,
        0.0012084927875548601,
        0.0011892516631633043,
        0.001341601717285812
    ],
    "mae_train": [
        0.025007430464029312,
        0.026208367198705673,
        0.026105757802724838,
        0.026774926111102104
    ],
    "rmse_train": [
        0.032664625212382725,
        0.034763382855453814,
        0.034485528314980245,
        0.03662788169258239
    ]
}