{
    "simulation_name": "x48_y48_z32_Ra2500_Pr0.7_t0.01_snap0.125_dur300",
    "mse": [
        0.0016712818822790204,
        0.001298212543718234,
        0.0020925389541974126,
        0.00120462960356755,
        0.001784983133152959,
        0.0010907314094116113,
        0.0010376153907470456,
        0.0009173234558537453,
        0.0008981054640701457,
        0.001070664609349998,
        0.0011159484097983555,
        0.0020965508041886744,
        0.0008735865681696201,
        0.0018859822344633617,
        0.0010371105323169363,
        0.0015940064092449444,
        0.0016158694577045804,
        0.0010574779943064122,
        0.001332426066775432,
        0.001814093292133683
    ],
    "rmse": [
        0.04088131458599418,
        0.036030716669506226,
        0.04574427783010038,
        0.03470777439663267,
        0.04224906073693188,
        0.03302622305701352,
        0.03221203797879056,
        0.03028734811524022,
        0.029968407766682328,
        0.032721011740928764,
        0.03340581401191049,
        0.04578810767206562,
        0.02955649790096283,
        0.04342789696109359,
        0.032204200538391514,
        0.039925009821475864,
        0.04019787877120608,
        0.03251888673227317,
        0.036502411793954546,
        0.04259217407146157
    ],
    "mae": [
        0.029248132441093082,
        0.024947212930003713,
        0.032192785143187005,
        0.02488565695655,
        0.03007086235863556,
        0.023463664489099756,
        0.022976110269415324,
        0.021775239130615125,
        0.021570669262603457,
        0.02328533197370624,
        0.023984102162233154,
        0.031115147605305538,
        0.02129424496836561,
        0.030411031354950473,
        0.02291196204272897,
        0.02674720697853315,
        0.02828545540770782,
        0.02325660678408375,
        0.025954002256704762,
        0.029817542040421228
    ],
    "std_mse": 0.00039658854342522975,
    "std_rmse": 0.005268892296625002,
    "std_mae": 0.003444728503779251
}