{
    "simulation_name": "x48_y48_z32_Ra2500_Pr0.7_t0.01_snap0.125_dur300",
    "mse": 0.006931734879063221,
    "mae": 0.06242031138944661,
    "rmse": 0.08325704101794167,
    "mse_train": 0.006658138728179186,
    "mae_train": 0.06154246169558548,
    "rmse_train": 0.08159741863673867
}