{
    "train_loss": [
        0.008114295419035945,
        0.0038332449442210485,
        0.003471897901406096,
        0.002374523920818753,
        0.001973441591942977,
        0.0017809959658716826,
        0.0017943903928666273,
        0.0015246645245790315,
        0.0015646708523997018,
        0.0014328126277001793,
        0.001312627111871088,
        0.0012412134419593137,
        0.0013664845661777588,
        0.0012391777325584863,
        0.0012197493509532814,
        0.0011349415372407764,
        0.0014078023409134842,
        0.001108763972451582,
        0.0010596638146187886,
        0.001180260835244405,
        0.001069890283651946,
        0.0012116705156576977,
        0.0010649608025207705,
        0.0013563416592793863,
        0.0010676389091119369,
        0.0010443380898197926,
        0.0011356782900344175,
        0.0010385421440802765,
        0.0011638826134289016,
        0.0010793916332828798,
        0.0011345716467446188,
        0.001323635336372405,
        0.0010038059473960498,
        0.001078214830762605,
        0.0010756231969147427,
        0.0012838308884554317,
        0.0011897707968678754,
        0.001050994801833451,
        0.0011535020823999632,
        0.0011518809990672572,
        0.0010599103648496542,
        0.0010147242247085225,
        0.0010173070099713636,
        0.001396075748813801,
        0.0010005195878368255,
        0.0010235499967531387,
        0.0010456618062452158,
        0.0010333149265982096,
        0.0011637855823261893,
        0.0010225133302504772,
        0.0010580832240595145,
        0.00113873980216925,
        0.0011966332785403556,
        0.0010241177103460352,
        0.0011465368215440867,
        0.0010764851424488013,
        0.0013478092513893038,
        0.0010675553290342397,
        0.001080448445735858,
        0.0011134354720437078,
        0.0013073967506531834,
        0.0011606627994546407,
        0.0011548712444121433,
        0.0012258251084662237
    ],
    "valid_loss": [
        0.01600162715448881,
        0.009846140662441742,
        0.008692006407937873,
        0.006894743120702217,
        0.005715846583611739,
        0.008312734611195709,
        0.004642937568782484,
        0.004198509218906044,
        0.004006880069356583,
        0.004033102789774127,
        0.013175738990215716,
        0.003524114189396074,
        0.003481652584661721,
        0.003310219058339749,
        0.0037462252286185912,
        0.003102673915006927,
        0.0031414947905421074,
        0.005871409843091936,
        0.003009416982360663,
        0.0037253629552935243,
        0.038584724592688614,
        0.0030497897263980877,
        0.0037331035991543934,
        0.002916361003066057,
        0.0036931468803287465,
        0.0028389579881358583,
        0.0031234324180637843,
        0.002819213315286312,
        0.005172958215897965,
        0.003335966371478291,
        0.004133808942346489,
        0.00275604405998614,
        0.0026498226087187226,
        0.0027994024557337757,
        0.0025801530459593834,
        0.006293379069399943,
        0.004470386772504823,
        0.002887855631239507,
        0.00280533706483115,
        0.002988714026429602,
        0.002705068502501109,
        0.0024931356342173315,
        0.0024974029808837797,
        0.0025702298701447447,
        0.0024695118368725758,
        0.0024655685623372913,
        0.0025918998355359203,
        0.0025191547084223785,
        0.002470096843801325,
        0.002427959619289327,
        0.0030004544968258258,
        0.0024745214321801514,
        0.0024383087215990693,
        0.002443791337066333,
        0.00242845877102186,
        0.00239733555952275,
        0.0024189500405883205,
        0.0023856367934381286,
        0.002379693581070466,
        0.0029009180687459054,
        0.0023952300775659466,
        0.0024141397160571923,
        0.0024225666585722967,
        0.0023879104281066483
    ],
    "epoch_duration": [
        1019.1879298686981,
        1009.1392080783844,
        1001.8829507827759,
        998.5822641849518,
        996.3305866718292,
        1001.2621541023254,
        995.518984079361,
        1003.4398176670074,
        1004.5051958560944,
        1001.2398719787598,
        1009.6021542549133,
        1007.3605403900146,
        1007.8469998836517,
        1006.7219214439392,
        1004.0821509361267,
        1007.4616017341614,
        1007.3503699302673,
        1009.3132874965668,
        1011.0297744274139,
        1007.5490255355835,
        1007.7163639068604,
        1007.2121171951294,
        1011.3955368995667,
        1010.4690229892731,
        1015.2709090709686,
        1007.6328046321869,
        998.0497584342957,
        1015.7639696598053,
        1022.5265927314758,
        1020.9950218200684,
        1022.8271577358246,
        1020.9056880474091,
        1018.6470129489899,
        1020.6617567539215,
        1015.4109423160553,
        1014.8133420944214,
        1014.6516325473785,
        1013.9377527236938,
        1014.838342666626,
        1014.6498658657074,
        1014.5459294319153,
        1006.5245592594147,
        1001.2611384391785,
        1000.8746979236603,
        999.2602121829987,
        999.88409948349,
        995.8348386287689,
        996.3826274871826,
        995.5677855014801,
        995.8236722946167,
        1000.8172097206116,
        998.7200562953949,
        998.7128920555115,
        998.1597344875336,
        997.1610028743744,
        1003.2238376140594,
        1003.4855184555054,
        1007.7739970684052,
        1002.3447389602661,
        1000.1477468013763,
        999.7573437690735,
        1000.2337272167206,
        1002.3381922245026,
        1000.3369708061218
    ],
    "best_epoch": 58,
    "best_valid_loss": 0.0023856367934381286,
    "lr": [
        0.001,
        0.001,
        0.001,
        0.001,
        0.001,
        0.001,
        0.001,
        0.001,
        0.001,
        0.001,
        0.001,
        0.001,
        0.001,
        0.001,
        0.001,
        0.001,
        0.001,
        0.001,
        0.001,
        0.001,
        0.001,
        0.001,
        0.001,
        0.001,
        0.001,
        0.001,
        0.001,
        0.001,
        0.001,
        0.001,
        0.001,
        0.001,
        0.001,
        0.001,
        0.001,
        0.001,
        0.001,
        0.001,
        0.001,
        0.001,
        0.0005,
        0.0005,
        0.0005,
        0.0005,
        0.0005,
        0.0005,
        0.0005,
        0.0005,
        0.0005,
        0.0005,
        0.0005,
        0.0005,
        0.0005,
        0.0005,
        0.0005,
        0.0005,
        0.0005,
        0.0005,
        0.0005,
        0.0005,
        0.0005,
        0.0005,
        0.0005,
        0.0005
    ]
}