{
    "simulation_name": "x48_y48_z32_Ra2500_Pr0.7_t0.01_snap0.125_dur300",
    "mse": 0.004531218212154243,
    "mae": 0.05067953886464238,
    "rmse": 0.06731432397457648,
    "mse_train": 0.004383061626480837,
    "mae_train": 0.05008613761326179,
    "rmse_train": 0.06620469489757383
}