{
    "mse": 0.004531218212154243,
    "mae": 0.05067953886464238,
    "rmse": 0.06731432397457648,
    "mse_train": 0.004383061626480837,
    "mae_train": 0.05008613761326179,
    "rmse_train": 0.06620469489757383
}