{
    "simulation_name": "x48_y48_z32_Ra2500_Pr0.7_t0.01_snap0.125_dur300",
    "mse": 0.0016051305375142312,
    "mae": 0.02956550828613607,
    "rmse": 0.04006408039022275,
    "mse_train": 0.0012990595322798014,
    "mae_train": 0.027080558398317425,
    "rmse_train": 0.036042468454308196
}