{
    "simulation_name": "x48_y48_z32_Ra2500_Pr0.7_t0.01_snap0.125_dur300",
    "mse": 0.0015275236093570822,
    "mae": 0.02879771589401311,
    "rmse": 0.03908354652992845,
    "mse_train": 0.0012017366764260433,
    "mae_train": 0.026032191691016084,
    "rmse_train": 0.034666073853640296
}