{
    "train_loss": [
        0.10552926691355848,
        0.029512108337205346,
        0.021294983335811698,
        0.017487902292735558,
        0.015089649052443548,
        0.013295652608504072,
        0.01216554877705135,
        0.011192308203413995,
        0.010592716811681576,
        0.010096970943429028,
        0.009477667888457688,
        0.009170894796247048,
        0.008844025314615998,
        0.00846576531195482,
        0.008258462678068198,
        0.008024866105438963,
        0.007739487441809397,
        0.00769449674469401,
        0.007469425509518891,
        0.007374216066417923,
        0.007148279566070064,
        0.0069724349775727055,
        0.0069357745379599696,
        0.006883778247489893,
        0.00662474970109544,
        0.006576867866796671,
        0.0064736711169443625,
        0.006399116051365511,
        0.006354450292696407,
        0.006241388123401952,
        0.006174503507809474,
        0.006131374521733742,
        0.006173062352393928,
        0.006057536441148418,
        0.005954201818007979,
        0.005865895221317969,
        0.005850849999772913,
        0.005818704157566044,
        0.005776730408398117,
        0.0057092638067740105,
        0.005708158493168956,
        0.005601373900746863,
        0.005589727863300892,
        0.005566567195469478,
        0.00559450572864435,
        0.00546706264771998
    ],
    "valid_loss": [
        0.020928613272985615,
        0.011953484397985395,
        0.009022946557276267,
        0.007843091423411917,
        0.0059633381467340445,
        0.00934439591896207,
        0.005817376468980922,
        0.005865282710047062,
        0.005178859818057898,
        0.00469030999483313,
        0.00402848744472289,
        0.003503214869011853,
        0.003637921041634835,
        0.00428150849593362,
        0.004940299196006206,
        0.003217775308575825,
        0.0034499402953418637,
        0.003139099385357111,
        0.0033520612869170166,
        0.003809783507853821,
        0.0031535863475711493,
        0.0030381867727102187,
        0.0031254510159495095,
        0.002891860080608852,
        0.003018495412613091,
        0.0027040922186311865,
        0.0028035422720879017,
        0.002978604776840518,
        0.0023713031225138697,
        0.0024625804134763016,
        0.003193415737155816,
        0.0024822792898807813,
        0.0024386586778172457,
        0.0026649673103570862,
        0.0023229930076069964,
        0.00226436198533436,
        0.002703185110559636,
        0.0026142746140423263,
        0.0021383962960927713,
        0.0021362240056964823,
        0.002707819554007187,
        0.003164180166824277,
        0.0024482161862232218,
        0.0021573390017386685,
        0.002218656513742415,
        0.0021669142235051886
    ],
    "epoch_duration": [
        523.9716641902924,
        534.4143393039703,
        542.911612033844,
        525.8418974876404,
        555.4355962276459,
        532.2843086719513,
        563.3413157463074,
        534.3938488960266,
        533.1671843528748,
        535.7039272785187,
        537.9617915153503,
        525.0050435066223,
        545.4473278522491,
        535.7170257568359,
        544.4951312541962,
        538.8467135429382,
        534.9126217365265,
        537.6570053100586,
        553.2741343975067,
        559.5276186466217,
        528.3775732517242,
        523.9732174873352,
        559.4587037563324,
        559.191787481308,
        534.559809923172,
        534.9012792110443,
        537.5606451034546,
        539.4664554595947,
        536.2178952693939,
        532.6634995937347,
        538.1129999160767,
        536.7792093753815,
        538.1222040653229,
        537.6520178318024,
        559.2439525127411,
        558.6370260715485,
        558.4282131195068,
        558.6674404144287,
        559.580028295517,
        559.0584754943848,
        527.4616210460663,
        559.2546827793121,
        559.0273766517639,
        559.3320467472076,
        533.4812967777252,
        532.3149240016937
    ],
    "best_epoch": 39,
    "best_valid_loss": 0.0021383962960927713,
    "lr": [
        0.001,
        0.001,
        0.001,
        0.001,
        0.001,
        0.001,
        0.001,
        0.001,
        0.001,
        0.001,
        0.001,
        0.001,
        0.001,
        0.001,
        0.001,
        0.001,
        0.001,
        0.001,
        0.001,
        0.001,
        0.001,
        0.001,
        0.001,
        0.001,
        0.001,
        0.001,
        0.001,
        0.001,
        0.001,
        0.001,
        0.001,
        0.001,
        0.001,
        0.001,
        0.001,
        0.001,
        0.001,
        0.001,
        0.001,
        0.001,
        0.001,
        0.001,
        0.001,
        0.001,
        0.001,
        0.0005
    ]
}