{
    "mse": 0.0019354951606752973,
    "mae": 0.03227805668240531,
    "rmse": 0.04399426281545467,
    "mse_train": 0.0013443568058527432,
    "mae_train": 0.02759323830399266,
    "rmse_train": 0.03666547157548561
}