{
    "train_loss": [
        0.11168758060012078
    ],
    "valid_loss": [
        0.02328531488386027
    ],
    "epoch_duration": [
        470.15041518211365
    ],
    "best_epoch": 1,
    "best_valid_loss": 0.02328531488386027,
    "lr": [
        0.001
    ]
}