{
    "train_loss": [
        0.015135288587510282,
        0.006723706768949067,
        0.00475031912709405,
        0.003881337788956625,
        0.0032917376934711146,
        0.0034123560487768338,
        0.0027192240647846313,
        0.0023954913267917044,
        0.002377264692507889,
        0.003396730740847983,
        0.002143665476750571,
        0.0020897613175661434,
        0.0019896706088686268,
        0.002151128109430592,
        0.002087780018455741,
        0.001956388865579508,
        0.002032783233050815,
        0.0018288329644290072,
        0.0019280025356940007,
        0.001785103399491661,
        0.0018971091848831324,
        0.0029906637685622158,
        0.0019526629417491023,
        0.0017668580642552945,
        0.0017374467426506568,
        0.0016817977088982967,
        0.0016198187304383464,
        0.0023957730637137967,
        0.0016886032144202035,
        0.0015906308919322373,
        0.0017084322708386408,
        0.002111455441213324,
        0.0016227157468215452,
        0.0015752840574040903,
        0.001848337093295072,
        0.0018740943699712494,
        0.002042662504885752,
        0.00167129771341546,
        0.0015413820827341847,
        0.0015484001714865336,
        0.0022609167470274897,
        0.001853726914073706,
        0.0016400997020697239,
        0.0018374684057174732,
        0.0016791511005907111,
        0.001579575024798672,
        0.0017305080073996694,
        0.001552204651426748
    ],
    "valid_loss": [
        0.025140817938457936,
        0.016649816730928347,
        0.01277078836643641,
        0.010812459882086753,
        0.009120762023493784,
        0.016489627670257464,
        0.007445737998078176,
        0.008374437831615636,
        0.010682207561277468,
        0.006766840791050629,
        0.007529931833016307,
        0.006839910777291391,
        0.006266666744303083,
        0.006138693924924923,
        0.005794466466611587,
        0.00631128986955646,
        0.006508630686169006,
        0.006955430261642652,
        0.006220645403392636,
        0.005519481099122389,
        0.005386398662599402,
        0.00659401130546397,
        0.009032147264945398,
        0.00512123618969859,
        0.0057242782031746995,
        0.004973604586203255,
        0.005144363389541295,
        0.005642145122785908,
        0.004940576154442464,
        0.005017778862677857,
        0.005803326527881422,
        0.0059339396345118684,
        0.006282424149231626,
        0.005270712941725502,
        0.0049324008505164845,
        0.005201979940871079,
        0.008193428787069584,
        0.0049856645280113646,
        0.004770506790551479,
        0.00582320405574749,
        0.005209092835864388,
        0.005097447694008685,
        0.004784420347524756,
        0.006101748397693448,
        0.004808074977414096,
        0.01949546140496155,
        0.004751976615313543,
        0.0047478715530297625
    ],
    "epoch_duration": [
        1317.6471998691559,
        1319.5219233036041,
        1325.4335496425629,
        1331.3897676467896,
        1317.531411409378,
        1311.6174409389496,
        1304.0357377529144,
        1316.8827495574951,
        1320.3894333839417,
        1310.2705519199371,
        1317.3570845127106,
        1319.1464960575104,
        1311.3708455562592,
        1316.7934925556183,
        1318.9557497501373,
        1319.552651643753,
        1311.6014490127563,
        1327.7429938316345,
        1308.8593077659607,
        1302.7620258331299,
        1307.3767366409302,
        1308.5429046154022,
        1300.7937905788422,
        1319.86523604393,
        1322.658254623413,
        1324.596105337143,
        1326.3589086532593,
        1326.8886713981628,
        1320.0514335632324,
        1308.9114754199982,
        1305.496246099472,
        1313.9683566093445,
        1315.7988393306732,
        1303.3077311515808,
        1304.034396648407,
        1312.1367900371552,
        1302.8408653736115,
        1313.3004078865051,
        1306.638426542282,
        1313.2668769359589,
        1301.3427681922913,
        1298.215546131134,
        1299.9219188690186,
        1311.3539428710938,
        1299.564757823944,
        1309.6312217712402,
        1307.395201921463,
        1319.8888714313507
    ],
    "best_epoch": 47,
    "best_valid_loss": 0.004751976615313543,
    "lr": [
        0.001,
        0.001,
        0.001,
        0.001,
        0.001,
        0.001,
        0.001,
        0.001,
        0.001,
        0.001,
        0.001,
        0.001,
        0.001,
        0.001,
        0.001,
        0.001,
        0.001,
        0.001,
        0.001,
        0.001,
        0.001,
        0.001,
        0.001,
        0.001,
        0.001,
        0.001,
        0.001,
        0.001,
        0.001,
        0.001,
        0.001,
        0.001,
        0.001,
        0.001,
        0.001,
        0.001,
        0.001,
        0.001,
        0.001,
        0.001,
        0.001,
        0.001,
        0.001,
        0.001,
        0.0005,
        0.0005,
        0.0005,
        0.0005
    ]
}