{
    "train_loss": [
        0.13071895318844373,
        0.03918750901781611,
        0.02846959999987758,
        0.02371144015760047
    ],
    "valid_loss": [
        0.026904044545573783,
        0.016627448343873915,
        0.012866254223793968,
        0.01066540839368863
    ],
    "epoch_duration": [
        406.16229033470154,
        405.8631076812744,
        405.8901560306549,
        406.7085506916046
    ],
    "best_epoch": 4,
    "best_valid_loss": 0.01066540839368863,
    "lr": [
        0.001,
        0.001,
        0.001,
        0.001
    ]
}