{
    "train_loss": [
        0.01595861796897893,
        0.01116506622039846,
        0.0067330155198519325,
        0.0073646067386987256,
        0.005420734563044139,
        0.006267470967936881,
        6.121357729967151,
        1.9428775142650214,
        0.44395083702340415,
        0.24564887876413308,
        0.15844023434483276,
        0.12655283963801908,
        0.11456180625424094,
        0.11400762130411304,
        0.10713609365784392,
        0.10019137620925904,
        0.10178272172504542,
        0.10070326567304377,
        0.10058635726266978,
        0.10037705915923022,
        0.09800624819434418,
        0.09626790432905664,
        0.10096592040086279,
        0.09687829374050608,
        0.1041103127112194
    ],
    "valid_loss": [
        0.05172422304521642,
        0.0374180210110609,
        0.029942939154780968,
        0.03710601952507955,
        0.018448276436155726,
        0.034296418355054446,
        176.3333996974,
        7.34220141868708,
        4.791919374320121,
        1.8070646842320761,
        1.6513442740892417,
        1.145466874280107,
        1.4235129080781148,
        0.9974522702555408,
        0.8655299543240749,
        0.6660987385916054,
        0.6012933792324241,
        0.5793413640526821,
        0.5102501414602321,
        0.46618138814191207,
        0.4476358356643525,
        0.4148311359073044,
        0.32219823387420143,
        0.36008691856985064,
        0.3442661743462997
    ],
    "epoch_duration": [
        225.1898307800293,
        224.35005140304565,
        224.33008289337158,
        226.48685336112976,
        224.41818833351135,
        224.87079572677612,
        225.08010005950928,
        224.68127846717834,
        224.86651420593262,
        224.75313639640808,
        225.1966016292572,
        225.31197810173035,
        221.0216076374054,
        218.68031191825867,
        217.27677989006042,
        217.04670810699463,
        216.13438630104065,
        216.35009932518005,
        216.53282833099365,
        217.25112652778625,
        217.22541689872742,
        217.28035521507263,
        216.84648895263672,
        216.7365574836731,
        217.3849446773529
    ],
    "best_epoch": 5,
    "best_valid_loss": 0.018448276436155726,
    "lr": [
        0.001,
        0.001,
        0.001,
        0.001,
        0.001,
        0.001,
        0.001,
        0.001,
        0.001,
        0.001,
        0.0005,
        0.0005,
        0.0005,
        0.0005,
        0.0005,
        0.0005,
        0.00025,
        0.00025,
        0.00025,
        0.00025,
        0.00025,
        0.00025,
        0.000125,
        0.000125,
        0.000125
    ]
}