{
    "mse": 0.002873127091637192,
    "mae": 0.039465953414845795,
    "rmse": 0.053601558667982704,
    "mse_train": 0.001818656570283062,
    "mae_train": 0.032136650329970935,
    "rmse_train": 0.04264570986961129
}