{
    "train_loss": [
        0.2577193061015255,
        0.08112010531195579,
        0.06059529644406942,
        0.05097276716309593,
        0.04612675110189397,
        0.04277360019640237,
        0.04097108854877384,
        0.03962322566054408,
        0.03812481847066039,
        0.036903853383122735,
        0.03608410006895327,
        0.03556976066724221,
        0.03476823339872031,
        0.03408147053899908,
        0.03356741256609324,
        0.03303321939540821,
        0.03270809441334192,
        0.032358986537219185,
        0.031672169324490594,
        0.03143903433205134,
        0.031308083886207885,
        0.031025221003087876,
        0.030663116821896902,
        0.02997148540784494,
        0.029960691920192857,
        0.02936351310279056,
        0.029560226879561828,
        0.029128875506303258,
        0.02898719227924658,
        0.02848638266956717,
        0.0285516914841119,
        0.028353532693865195,
        0.02839939014046319,
        0.0283358724990663,
        0.027673785954230742,
        0.027522490890146988,
        0.027434896723872806,
        0.02768531284594625,
        0.027283049864711507,
        0.027107557122992756,
        0.02717019944286852,
        0.02662129812623844,
        0.025460003992404823,
        0.02537937267146949,
        0.025302802642508535,
        0.025329775376212865,
        0.025301821800513952,
        0.02528879704296044,
        0.025229474935597018,
        0.025151743963732386,
        0.025110879708592434,
        0.024953542049611893,
        0.025045431952486905,
        0.024846930336129735,
        0.024795005978058005,
        0.024071646978767434,
        0.02402895967091309,
        0.024102592920375088,
        0.024058166337033064,
        0.024003207314440535,
        0.02403244086984833,
        0.024043793169625183,
        0.02400527388470577,
        0.023909535501787094,
        0.023938276167225065,
        0.0238209663703728,
        0.023839432785809286,
        0.023851458042092058,
        0.023782045524242217,
        0.023833895817473343,
        0.023723927816857622,
        0.023692131639208185,
        0.023599624183224026,
        0.023629999715689312
    ],
    "valid_loss": [
        0.08981505527609304,
        0.05327420990886236,
        0.037411298500629436,
        0.036026206211258946,
        0.0263686291176705,
        0.025513384486560216,
        0.024710927174387134,
        0.023948967532995632,
        0.02346071546939097,
        0.02112850493976749,
        0.020693442166000234,
        0.020009442004479672,
        0.01998048709923787,
        0.01811196179386981,
        0.017268527765523765,
        0.01731473721953996,
        0.019703096788645978,
        0.017391157637993593,
        0.015844543726924353,
        0.015838966457326513,
        0.01730445023914079,
        0.01825709541019359,
        0.016589199625271514,
        0.017199179552439738,
        0.016073306522650314,
        0.01564766740022306,
        0.016419290361967764,
        0.018120127253959006,
        0.01739743668911166,
        0.016037392021711925,
        0.016124519533907387,
        0.015015783190188413,
        0.014522410918055033,
        0.015784662935018838,
        0.016022326583576916,
        0.013555215130051472,
        0.014421744502969364,
        0.014700466612739455,
        0.013979082773358298,
        0.015449765476948603,
        0.014511442437136262,
        0.014199631371328658,
        0.012474491955837852,
        0.013226292548965932,
        0.012661839875292749,
        0.012668094971679393,
        0.012638441726862642,
        0.01206770196064675,
        0.011770297031840333,
        0.012632643609793109,
        0.012725146558423737,
        0.012899026799101633,
        0.011973253229721228,
        0.012123817920759134,
        0.013371106412754094,
        0.011529437450232202,
        0.011491660792798621,
        0.012263867813174118,
        0.011896728194711215,
        0.011386956075703414,
        0.011311523506227425,
        0.011535177665978596,
        0.011032275876908231,
        0.011742512688059313,
        0.011898944453984275,
        0.010889745399616008,
        0.011377322770413615,
        0.011259251439066005,
        0.01078739445284938,
        0.011602283766646486,
        0.011434228597510783,
        0.011114808577496067,
        0.0113786593558002,
        0.011997822284271147
    ],
    "epoch_duration": [
        198.23862957954407,
        198.98368573188782,
        198.10164546966553,
        198.4266152381897,
        198.2363612651825,
        199.21330881118774,
        198.77323293685913,
        198.21774077415466,
        198.4013648033142,
        200.27241373062134,
        200.07849216461182,
        200.33491230010986,
        199.70670199394226,
        199.1864001750946,
        199.8444263935089,
        200.08923816680908,
        200.39943861961365,
        200.81692934036255,
        200.92331385612488,
        201.38446283340454,
        198.71557927131653,
        198.86944937705994,
        198.98542428016663,
        198.75721549987793,
        198.53977370262146,
        198.80533003807068,
        197.99735164642334,
        198.35271835327148,
        198.90311765670776,
        198.8078498840332,
        198.97186183929443,
        198.55029344558716,
        199.27624893188477,
        198.25385522842407,
        198.8882601261139,
        198.16175413131714,
        198.15971732139587,
        198.23206639289856,
        199.29973649978638,
        199.24838304519653,
        198.25227308273315,
        199.48975825309753,
        198.68299317359924,
        199.00895190238953,
        198.5312705039978,
        198.58830308914185,
        199.19565224647522,
        198.26513934135437,
        198.7280502319336,
        198.99244332313538,
        197.466735124588,
        198.90010595321655,
        198.87865209579468,
        199.52867150306702,
        198.40000295639038,
        198.36329889297485,
        197.42735266685486,
        199.2355830669403,
        199.84805846214294,
        198.41196155548096,
        198.62302136421204,
        198.93187379837036,
        198.08986067771912,
        198.3920795917511,
        198.53883051872253,
        199.37160086631775,
        198.81827807426453,
        198.7685089111328,
        198.52363920211792,
        198.4809377193451,
        199.0816674232483,
        199.63600945472717,
        198.37009620666504,
        199.36227416992188
    ],
    "best_epoch": 69,
    "best_valid_loss": 0.01078739445284938,
    "lr": [
        0.001,
        0.001,
        0.001,
        0.001,
        0.001,
        0.001,
        0.001,
        0.001,
        0.001,
        0.001,
        0.001,
        0.001,
        0.001,
        0.001,
        0.001,
        0.001,
        0.001,
        0.001,
        0.001,
        0.001,
        0.001,
        0.001,
        0.001,
        0.001,
        0.001,
        0.001,
        0.001,
        0.001,
        0.001,
        0.001,
        0.001,
        0.001,
        0.001,
        0.001,
        0.001,
        0.001,
        0.001,
        0.001,
        0.001,
        0.001,
        0.001,
        0.0005,
        0.0005,
        0.0005,
        0.0005,
        0.0005,
        0.0005,
        0.0005,
        0.0005,
        0.0005,
        0.0005,
        0.0005,
        0.0005,
        0.0005,
        0.00025,
        0.00025,
        0.00025,
        0.00025,
        0.00025,
        0.00025,
        0.00025,
        0.00025,
        0.00025,
        0.00025,
        0.00025,
        0.00025,
        0.00025,
        0.00025,
        0.00025,
        0.00025,
        0.00025,
        0.00025,
        0.00025,
        0.00025
    ]
}