{
    "simulation_name": "x48_y48_z32_Ra2500_Pr0.7_t0.01_snap0.125_dur300",
    "mse": 0.0014200516373724288,
    "mae": 0.027692105459411524,
    "rmse": 0.03768357251339672,
    "mse_train": 0.001132137454697705,
    "mae_train": 0.025151650948905722,
    "rmse_train": 0.03364725032893037
}