{
    "train_loss": [
        0.15412584337733332,
        0.05531965088368651,
        0.042494908230981523,
        0.03638392414151383,
        0.03218845907329324,
        0.029078070763947562,
        0.027105277888507816,
        0.02563422859080464,
        0.024386201620857514,
        0.023440226677151788,
        0.02263567666627671,
        0.022068480128176193,
        0.02132831869007445,
        0.02088504485872668,
        0.020458312977665875,
        0.02002578110388439,
        0.019656022457546822,
        0.019322383239964398,
        0.019126427201484504,
        0.018786912248256994,
        0.01849286746750845,
        0.018323601526227577,
        0.018149359684038042,
        0.017872426138628748,
        0.01774146700632493,
        0.01748034806174233,
        0.017467293262184408,
        0.017283808934507722,
        0.017110869928215904,
        0.01700678192611694,
        0.016878817951676752,
        0.01673909299453397,
        0.016631775161720572,
        0.016487024447951134,
        0.016366837922164725,
        0.015772497607975677,
        0.015691850770726268,
        0.015666162323884833,
        0.015640679096875842,
        0.015578470279711144,
        0.015551475273230031,
        0.015489835552530595,
        0.015446432601236246,
        0.015358957473315601,
        0.015327049461708203
    ],
    "valid_loss": [
        0.043534590393081864,
        0.02826348228514789,
        0.022412641175518607,
        0.018161990331889984,
        0.016453163874825635,
        0.014074516039518198,
        0.013260324546913999,
        0.012438105820606176,
        0.011229566970556751,
        0.010726345666310288,
        0.010720658516906146,
        0.010558085970840698,
        0.009375244062719054,
        0.009569168297522829,
        0.009709454194510221,
        0.008898984238579684,
        0.012543062832754597,
        0.009184265498099779,
        0.009097177865555013,
        0.008214842968450818,
        0.008745616457501701,
        0.00811466195962004,
        0.008234059530544905,
        0.007683941828518957,
        0.007656113250167144,
        0.0073937404492029225,
        0.007888169146776942,
        0.007856471040413862,
        0.006940638659489422,
        0.007267236938593245,
        0.007136016604060915,
        0.00850455965893227,
        0.007115949897973466,
        0.007383835726786879,
        0.007664142555540934,
        0.006552126883364229,
        0.0062173060206533815,
        0.006444719094699457,
        0.006306548303973273,
        0.006299235506396638,
        0.006353486978223645,
        0.0063919747540927,
        0.006094005766633591,
        0.00629733968897725,
        0.006572820829631682
    ],
    "epoch_duration": [
        640.7777788639069,
        605.895174741745,
        603.0637357234955,
        591.0553991794586,
        601.7190709114075,
        598.073041677475,
        597.4045403003693,
        600.1517679691315,
        602.8079991340637,
        603.3903586864471,
        600.2696015834808,
        597.9743995666504,
        594.7195689678192,
        595.1776440143585,
        605.7248964309692,
        601.0700447559357,
        597.4666810035706,
        603.0982279777527,
        597.6775033473969,
        605.7466595172882,
        599.6866724491119,
        599.1923639774323,
        590.4501235485077,
        587.7041220664978,
        587.1237144470215,
        588.411554813385,
        589.6471095085144,
        586.6979422569275,
        593.2846539020538,
        598.659419298172,
        601.020220041275,
        596.0218052864075,
        601.6974806785583,
        588.9741411209106,
        606.9513301849365,
        597.4703674316406,
        599.5200905799866,
        593.1349301338196,
        589.1067912578583,
        587.5093970298767,
        594.3057017326355,
        593.6459922790527,
        588.5096454620361,
        595.9149131774902,
        594.8047223091125
    ],
    "best_epoch": 43,
    "best_valid_loss": 0.006094005766633591,
    "lr": [
        0.001,
        0.001,
        0.001,
        0.001,
        0.001,
        0.001,
        0.001,
        0.001,
        0.001,
        0.001,
        0.001,
        0.001,
        0.001,
        0.001,
        0.001,
        0.001,
        0.001,
        0.001,
        0.001,
        0.001,
        0.001,
        0.001,
        0.001,
        0.001,
        0.001,
        0.001,
        0.001,
        0.001,
        0.001,
        0.001,
        0.001,
        0.001,
        0.001,
        0.001,
        0.0005,
        0.0005,
        0.0005,
        0.0005,
        0.0005,
        0.0005,
        0.0005,
        0.0005,
        0.0005,
        0.0005,
        0.0005
    ]
}