{
    "train_loss": [
        0.3426067061109139,
        0.09622824074869243,
        0.05754436270975611,
        0.04417980158963208,
        0.03761073528469253,
        0.0340718558905081,
        0.03134418438163184,
        0.029892920329547483
    ],
    "valid_loss": [
        0.1303849971502499,
        0.05134705251217483,
        0.03767217075512593,
        0.02832804948574587,
        0.027251442812587554,
        0.02074269197528202,
        0.01921245612649995,
        0.025253604099786192
    ],
    "epoch_duration": [
        262.96902656555176,
        260.75648379325867,
        261.98962354660034,
        261.26176357269287,
        261.4899790287018,
        261.41269755363464,
        261.62473344802856,
        261.62568950653076
    ],
    "best_epoch": 7,
    "best_valid_loss": 0.01921245612649995,
    "lr": [
        0.001,
        0.001,
        0.001,
        0.001,
        0.001,
        0.001,
        0.001,
        0.001
    ]
}