{
    "train_loss": [
        0.3503150766627152,
        0.11258388300018318,
        0.06558326201471605,
        0.04901688642620248,
        0.03937361738950336,
        0.03421141235521706,
        0.031268462702532855,
        0.02927173446656413,
        0.027698774522763436,
        0.025725284509255503,
        0.025153429493159428,
        0.024659195439835836,
        0.023022056553367268,
        0.022387147829531138,
        0.02182007615213729,
        0.021231395874175545,
        0.020818684671882384,
        0.02011018132609768
    ],
    "valid_loss": [
        0.1381381431348306,
        0.0665909631033788,
        0.04137601774009386,
        0.033883673805474045,
        0.023408044528151095,
        0.022998379077065614,
        0.019875482999327176,
        0.01999771800217337,
        0.01628770235637923,
        0.016570576179094444,
        0.014377868172255092,
        0.013299974618930175,
        0.014508349788456486,
        0.013105006205229242,
        0.01190256167881358,
        0.011146821822515895,
        0.01205846780441943,
        0.012327422508667979
    ],
    "epoch_duration": [
        267.4260935783386,
        267.1302123069763,
        267.84962916374207,
        268.5720021724701,
        267.8686168193817,
        268.1811330318451,
        268.1359009742737,
        267.7715241909027,
        267.2150831222534,
        267.8237702846527,
        268.54839181900024,
        269.4352819919586,
        268.95706963539124,
        268.9987053871155,
        269.8595197200775,
        269.7058186531067,
        269.6688766479492,
        269.78036546707153
    ],
    "best_epoch": 16,
    "best_valid_loss": 0.011146821822515895,
    "lr": [
        0.001,
        0.001,
        0.001,
        0.001,
        0.001,
        0.001,
        0.001,
        0.001,
        0.001,
        0.001,
        0.001,
        0.001,
        0.001,
        0.001,
        0.001,
        0.001,
        0.001,
        0.001
    ]
}