{
    "simulation_name": "x48_y48_z32_Ra2500_Pr0.7_t0.01_snap0.125_dur300",
    "mse": 0.0029272756883218544,
    "mae": 0.040175337786047115,
    "rmse": 0.05410430378742392,
    "mse_train": 0.0026000968337029917,
    "mae_train": 0.03827715337157567,
    "rmse_train": 0.050991144659666074
}