{
    "train_loss": [
        0.10727643880897131,
        0.02925257971719316,
        0.020350298128173634,
        0.016573949667283722,
        0.014176156641551581,
        0.01238897997740399,
        0.011196977293687073,
        0.010225989439014534
    ],
    "valid_loss": [
        0.021005582816880242,
        0.01232164318434095,
        0.008617277504026221,
        0.007119182264083936,
        0.005713139538725193,
        0.00848599149894313,
        0.0061491438563903815,
        0.004938114182024897
    ],
    "epoch_duration": [
        652.7164447307587,
        653.2737514972687,
        653.0371630191803,
        653.3249399662018,
        653.1350388526917,
        654.0047023296356,
        652.5924258232117,
        651.994814157486
    ],
    "best_epoch": 8,
    "best_valid_loss": 0.004938114182024897,
    "lr": [
        0.001,
        0.001,
        0.001,
        0.001,
        0.001,
        0.001,
        0.001,
        0.001
    ]
}