{
    "train_loss": [
        0.006330054132486186,
        0.0028023582198452982,
        0.0022185735002674626,
        0.0018074218207015204,
        0.0014579179234400193,
        0.0013042048033028765,
        0.001363651189517807,
        0.0011136097300329666,
        0.0012002607454829654,
        0.001027760640162667,
        0.0010615321614131118,
        0.0009474362978411727,
        0.001058835784855292,
        0.0009976223341609891,
        0.000977436798742415,
        0.0008487254193206445,
        0.0012555660627128235,
        0.000874277464447355,
        0.0007939011243501418,
        0.0008466127242182859,
        0.0008506820371249172,
        0.000937168327113661,
        0.000841433852227456,
        0.0009229625623187128,
        0.0008445165134542959,
        0.00076730269389265,
        0.0008984171875484789,
        0.0008323859956702188,
        0.0008972424934746339,
        0.000805849675338328,
        0.0007491867091918742,
        0.000735576919156101,
        0.0007299335915300991,
        0.0007642917813036389,
        0.0007356350974817774,
        0.0010436996979098748,
        0.0007336104116625667,
        0.0007366463244597405,
        0.0007999581203532048,
        0.0007752227507342721,
        0.0008000504642973723,
        0.0011754435990489905,
        0.0007758056749323921,
        0.0008555259138927677,
        0.0007473444085398254,
        0.0008225232709619756,
        0.0008649787624797591,
        0.0007771770903346045
    ],
    "valid_loss": [
        0.015845434176265646,
        0.008484129751790371,
        0.0056593289618759165,
        0.004896279501327134,
        0.004182737621988543,
        0.0062540936246742165,
        0.003619580468823649,
        0.0036457730041366833,
        0.003203545676812028,
        0.003265457295040836,
        0.004914767020567113,
        0.0029289624645212377,
        0.0032720802320503495,
        0.002729531273171761,
        0.0026924043769922554,
        0.0028268827237929316,
        0.0027997642933513503,
        0.004767005980607202,
        0.0025042673702485607,
        0.0028929601161418886,
        0.004993166260432669,
        0.0024650653706014794,
        0.0029548864441408295,
        0.0024059882266475427,
        0.0025157959082246465,
        0.002587351922674919,
        0.005369635898654067,
        0.002502368779323243,
        0.004044233090229993,
        0.002695208618457255,
        0.0030270128231780426,
        0.00228471328484447,
        0.00229579554215666,
        0.0023109155019961683,
        0.002683195186385868,
        0.002315166014152656,
        0.0022651512872154285,
        0.0022971267350564858,
        0.002364781512722191,
        0.0025361860613837064,
        0.0023091840008786376,
        0.0023169498600134064,
        0.0022433684920943383,
        0.002276439960285543,
        0.00223521590823826,
        0.0022923995216664736,
        0.0022709539896361417,
        0.0022469459426238997
    ],
    "epoch_duration": [
        1308.478621006012,
        1314.0982089042664,
        1319.195927143097,
        1308.1424009799957,
        1305.3034830093384,
        1303.0707187652588,
        1304.8731186389923,
        1312.4463090896606,
        1309.5003445148468,
        1302.1824522018433,
        1312.9197735786438,
        1322.0036401748657,
        1315.4793062210083,
        1302.9022197723389,
        1301.9168515205383,
        1304.4308030605316,
        1307.9881854057312,
        1320.6659562587738,
        1318.8169820308685,
        1313.9801490306854,
        1314.522132396698,
        1322.7827813625336,
        1325.2222318649292,
        1325.1012756824493,
        1318.037361383438,
        1320.035430431366,
        1319.5392727851868,
        1322.4869022369385,
        1318.5781736373901,
        1316.3595201969147,
        1317.12979221344,
        1314.5878221988678,
        1321.0423917770386,
        1311.0463814735413,
        1307.437952041626,
        1317.382939338684,
        1321.235520362854,
        1320.726063489914,
        1319.356754541397,
        1317.2271497249603,
        1315.985984325409,
        1313.4365646839142,
        1312.778312921524,
        1317.4654624462128,
        1313.1712529659271,
        1316.5911874771118,
        1315.257161617279,
        1325.1179785728455
    ],
    "best_epoch": 43,
    "best_valid_loss": 0.0022433684920943383,
    "lr": [
        0.001,
        0.001,
        0.001,
        0.001,
        0.001,
        0.001,
        0.001,
        0.001,
        0.001,
        0.001,
        0.001,
        0.001,
        0.001,
        0.001,
        0.001,
        0.001,
        0.001,
        0.001,
        0.001,
        0.001,
        0.001,
        0.001,
        0.001,
        0.001,
        0.001,
        0.001,
        0.001,
        0.001,
        0.001,
        0.0005,
        0.0005,
        0.0005,
        0.0005,
        0.0005,
        0.0005,
        0.0005,
        0.0005,
        0.0005,
        0.0005,
        0.0005,
        0.0005,
        0.0005,
        0.0005,
        0.0005,
        0.0005,
        0.0005,
        0.0005,
        0.0005
    ]
}