{
    "simulation_name": "x48_y48_z32_Ra2500_Pr0.7_t0.01_snap0.125_dur300",
    "mse": 0.004822664596080329,
    "mae": 0.05219709293155502,
    "rmse": 0.06944540730732543,
    "mse_train": 0.004665088198383641,
    "mae_train": 0.051653223345056176,
    "rmse_train": 0.06830145092443966
}