{
    "simulation_name": "x48_y48_z32_Ra2500_Pr0.7_t0.01_snap0.125_dur300",
    "mse": [
        0.003940972499549389,
        0.004956248681992292,
        0.004868092481046915,
        0.005631178617477417
    ],
    "mae": [
        0.04804246872663498,
        0.05376768484711647,
        0.053082067519426346,
        0.05504161864519119
    ],
    "rmse": [
        0.06277716543098605,
        0.07040062984087779,
        0.06977171691342356,
        0.07504117947818663
    ],
    "mse_train": [
        0.003772993106395006,
        0.004795672371983528,
        0.004594272933900356,
        0.005500518251210451
    ],
    "mae_train": [
        0.047217290848493576,
        0.053030554205179214,
        0.051815226674079895,
        0.05458417162299156
    ],
    "rmse_train": [
        0.061424694597490725,
        0.06925079329497626,
        0.06778106619034814,
        0.07416547883759972
    ]
}