{
    "simulation_name": "x48_y48_z32_Ra2500_Pr0.7_t0.01_snap0.125_dur300",
    "mse": 0.002018114967670824,
    "mae": 0.03320134264076986,
    "rmse": 0.044923434504396745,
    "mse_train": 0.0016868229923080009,
    "mae_train": 0.03078809951028311,
    "rmse_train": 0.04107095071103177
}