{
    "mse": 0.002018114967670824,
    "mae": 0.03320134264076986,
    "rmse": 0.044923434504396745,
    "mse_train": 0.0016868229923080009,
    "mae_train": 0.03078809951028311,
    "rmse_train": 0.04107095071103177
}