{
    "mse": 0.0012825149503427498,
    "mae": 0.02664509157110597,
    "rmse": 0.03581221789198136,
    "mse_train": 0.0010021270955668173,
    "mae_train": 0.023835667858564075,
    "rmse_train": 0.03165639106984271
}