{
    "simulation_name": "x48_y48_z32_Ra10000_Pr0.7_t0.01_snap0.125_dur300",
    "mse": 0.026536849344016185,
    "mae": 0.12111454890183514,
    "rmse": 0.16290134850275545,
    "mse_train": 0.026126208974598372,
    "mae_train": 0.12052919390546951,
    "rmse_train": 0.16163603860092085
}