{
    "simulation_name": "x48_y48_z32_Ra2500_Pr0.7_t0.01_snap0.125_dur300",
    "mse": 0.0011120602468710989,
    "mae": 0.024371866389022518,
    "rmse": 0.03334756733063296,
    "mse_train": 0.0007863724402515335,
    "mae_train": 0.02103517343044935,
    "rmse_train": 0.028042333003006962
}