{
    "simulation_name": "x48_y48_z32_Ra2500_Pr0.7_t0.01_snap0.125_dur300",
    "mse": 0.001398647005771636,
    "mae": 0.027574041814890704,
    "rmse": 0.037398489351464934,
    "mse_train": 0.001128897171683809,
    "mae_train": 0.025174122574018375,
    "rmse_train": 0.03359906504181045
}