{
    "simulation_name": "x48_y48_z32_Ra2500_Pr0.7_t0.01_snap0.125_dur300",
    "mse": 0.0036423212847679796,
    "mae": 0.045402013367810655,
    "rmse": 0.060351646910154655,
    "mse_train": 0.0034638116879037585,
    "mae_train": 0.04456400006769245,
    "rmse_train": 0.058854156080125376
}