{
    "train_loss": [
        0.00693207949230962,
        0.003831594291966215,
        0.002752581948346091,
        0.003291085923814939,
        0.0025069040825417706,
        0.003053720937766492,
        0.002533768411444749,
        0.0021108339801259816,
        0.0020985643796159466,
        513.8718013664705,
        1468.9378992109853,
        3587.3414714786013,
        3387.1307658997516,
        2797.4347959870347,
        2721.8578507760735,
        2532.6582149213973,
        2231.4041962074334,
        2327.98567152733,
        2114.5418374406695,
        1979.2131310823618,
        1834.5654518741837,
        2728.5365578809888,
        3330.6991673211924,
        3092.680395682021,
        3346.3337720896247,
        3527.239834292973,
        2904.0200578073236,
        3130.0978103248835
    ],
    "valid_loss": [
        0.016662259743939117,
        0.01423201921484248,
        0.03416054332657327,
        0.009315936645031522,
        0.010460284920209955,
        0.024759602143403586,
        0.008267220001474068,
        0.00825064927453477,
        0.01159320729485619,
        17393.718111501337,
        169217.50934633028,
        157888.73476681957,
        120462.70980982415,
        117157.57788608562,
        107667.66724961773,
        95572.16646597859,
        88890.50318233945,
        82070.90180619266,
        74624.38562213302,
        33736.942017870795,
        38777.83746894113,
        69266.16156345565,
        81301.5216074159,
        96673.10562404434,
        75895.25575305811,
        55368.29643300841,
        47155.198153191894,
        38245.626084671254
    ],
    "epoch_duration": [
        583.3716127872467,
        581.416442155838,
        579.7721154689789,
        582.7866785526276,
        581.4380288124084,
        579.4569926261902,
        579.8066928386688,
        579.620373249054,
        579.7074644565582,
        579.7592771053314,
        579.6733605861664,
        580.1570703983307,
        579.5505428314209,
        580.5895984172821,
        580.566561460495,
        581.0835723876953,
        580.4582374095917,
        578.9681239128113,
        579.5104651451111,
        578.7395572662354,
        580.1334722042084,
        579.7934699058533,
        582.7381041049957,
        580.4596219062805,
        579.7329938411713,
        580.0770559310913,
        581.5586628913879,
        580.265956401825
    ],
    "best_epoch": 8,
    "best_valid_loss": 0.00825064927453477,
    "lr": [
        0.001,
        0.001,
        0.001,
        0.001,
        0.001,
        0.001,
        0.001,
        0.001,
        0.001,
        0.001,
        0.001,
        0.001,
        0.001,
        0.0005,
        0.0005,
        0.0005,
        0.0005,
        0.0005,
        0.0005,
        0.00025,
        0.00025,
        0.00025,
        0.00025,
        0.00025,
        0.00025,
        0.000125,
        0.000125,
        0.000125
    ]
}