{
    "train_loss": [
        0.11168531281741975,
        0.03390514241687873,
        0.024862606776994364,
        0.020718960466787704,
        0.018059959000321795,
        0.016171587155768004,
        0.014874269136987125,
        0.013863757123097667,
        0.013204063321846976,
        0.012627775663647766,
        0.011988764498707958,
        0.011597102914696074,
        0.01133317369828349,
        0.010889663230333592,
        0.010684100271095015,
        0.010360330903123839,
        0.010144683248916965,
        0.01002535514799833,
        0.009763115862305473,
        0.009638523756033267,
        0.009380327882160025,
        0.009252041471767504,
        0.009153055378134461,
        0.00905421473525607,
        0.008851642329292257,
        0.008757977895531571
    ],
    "valid_loss": [
        0.02328278163722031,
        0.014598726817497291,
        0.011511809958558427,
        0.009169177819238488,
        0.00757680244934269,
        0.008687189027685626,
        0.006614483927755136,
        0.0065564520592032525,
        0.0064439005831586306,
        0.005774518224803215,
        0.005443962198912057,
        0.005415019599437491,
        0.005017112264934546,
        0.004351716552933032,
        0.0054818087487372375,
        0.004751082614268596,
        0.005382688611541455,
        0.003984820311819378,
        0.004872264313811153,
        0.004558518648547053,
        0.0036232248103092806,
        0.003419975471099899,
        0.004302239973571829,
        0.0035998598226529553,
        0.004147834562814964,
        0.003561847284436226
    ],
    "epoch_duration": [
        425.8794469833374,
        425.61392736434937,
        426.06248569488525,
        426.5037770271301,
        425.77317547798157,
        425.9867374897003,
        426.1229410171509,
        425.442551612854,
        425.1361675262451,
        425.7889792919159,
        425.7898576259613,
        426.0901024341583,
        427.0050792694092,
        426.2456052303314,
        426.5179500579834,
        426.24779868125916,
        426.15142798423767,
        426.41336154937744,
        425.99734449386597,
        426.3391270637512,
        425.68951630592346,
        426.0848972797394,
        426.126544713974,
        426.09317445755005,
        425.4163258075714,
        426.67454743385315
    ],
    "best_epoch": 22,
    "best_valid_loss": 0.003419975471099899,
    "lr": [
        0.001,
        0.001,
        0.001,
        0.001,
        0.001,
        0.001,
        0.001,
        0.001,
        0.001,
        0.001,
        0.001,
        0.001,
        0.001,
        0.001,
        0.001,
        0.001,
        0.001,
        0.001,
        0.001,
        0.001,
        0.001,
        0.001,
        0.001,
        0.001,
        0.001,
        0.001
    ]
}