{
    "train_loss": [
        0.006282169568123605,
        0.0026933146569693687,
        0.002093444554591846,
        0.001545727542206592,
        0.0012496082393915814,
        0.0011256230611042723,
        0.0012920555222407364,
        0.0010447025314024691,
        0.0011699657134852247,
        0.0008974424072766294,
        0.000846762693984098,
        0.000792848875282843,
        0.0009277579541461472,
        0.0009194663696481858,
        0.0007181325569230527,
        0.0007435478288803732,
        0.0009054231243094127,
        0.0007369557429754406,
        0.0006831213312482729,
        0.0007528884423456167,
        0.0007177030508170069,
        0.0007627420562080219,
        0.0006756684831751817,
        0.0007340513036736343,
        0.0006566794187938425,
        0.0006552596965215618,
        0.0008086847807480085,
        0.0006603427813981757,
        0.0006075753464394845,
        0.0005924486023042576,
        0.0006263345724188178,
        0.000619506256554701,
        0.000582535345763325,
        0.000681401791454983,
        0.0005855913934388998,
        0.0006457163931761092,
        0.0005945326469669633,
        0.000606706790568138,
        0.0007297008317680678,
        0.0005734785906847084,
        0.0005834953253281803,
        0.0006132013216794153,
        0.0005949206890563968,
        0.0006604295780395218,
        0.0005797448549414894,
        0.0005890562462622336,
        0.0005882329284711897,
        0.0005971169371084783,
        0.0005965195498552656,
        0.0005970281350619096,
        0.0006128360004668389,
        0.0006247288268640975,
        0.0006070138214067741
    ],
    "valid_loss": [
        0.015712299669554473,
        0.007171604658166567,
        0.005106210611783401,
        0.004127626832210051,
        0.0036265213401355874,
        0.004698915029406001,
        0.007355932066564531,
        0.0028718704421825092,
        0.00280031481791937,
        0.0027577599590296775,
        0.010392567517651694,
        0.0027699064477617404,
        0.0024909830317527784,
        0.00252071947218218,
        0.002505861388359914,
        0.0023793523947477613,
        0.00234577029727012,
        0.010348615352212471,
        0.002268178141547726,
        0.0027160931395691468,
        0.028392879748061893,
        0.0022447692532240435,
        0.0025084984799226126,
        0.002310501223299026,
        0.0023327844846845586,
        0.0026328355103833684,
        0.0028481876792312124,
        0.002288401775796889,
        0.002319519661953644,
        0.0021840767886501023,
        0.0026254671281175147,
        0.0021625402501701673,
        0.002144500459344995,
        0.0023605527245191805,
        0.002184689108607009,
        0.0023413762188194726,
        0.002236719720566856,
        0.005214466141189366,
        0.0022094234015325523,
        0.0021988831687610403,
        0.002146822740095995,
        0.0021563236970477237,
        0.0021587528432904534,
        0.0021587957284877517,
        0.0021575317197601775,
        0.002140913159367187,
        0.0021635488050189495,
        0.0021457968971803102,
        0.0021391763755573183,
        0.0021425306861109416,
        0.0021442040184438686,
        0.0021377826119496827,
        0.00214799498763243
    ],
    "epoch_duration": [
        1686.743264913559,
        1674.7514472007751,
        1677.5315880775452,
        1677.644053220749,
        1672.5447874069214,
        1668.4097921848297,
        1672.5908470153809,
        1670.5474045276642,
        1671.3598246574402,
        1669.3986418247223,
        1674.3606641292572,
        1675.5556890964508,
        1675.9378552436829,
        1670.1797308921814,
        1668.6040992736816,
        1670.3158240318298,
        1673.667159318924,
        1666.5432300567627,
        1669.274343252182,
        1674.3139362335205,
        1669.648874759674,
        1667.5457277297974,
        1669.0277154445648,
        1670.9628632068634,
        1672.9698867797852,
        1672.4903018474579,
        1670.1422295570374,
        1667.4242973327637,
        1664.631896018982,
        1666.8357009887695,
        1671.5538806915283,
        1704.6902167797089,
        1671.5888516902924,
        1685.5443980693817,
        1677.45538854599,
        1678.1081733703613,
        1675.4062724113464,
        1698.0918698310852,
        1685.0260350704193,
        1674.7826681137085,
        1677.9614670276642,
        1674.8465831279755,
        1676.4198660850525,
        1676.7815146446228,
        1693.7264385223389,
        1684.606389284134,
        1675.5497040748596,
        1681.8403656482697,
        1699.1886579990387,
        1700.7853419780731,
        1690.4825184345245,
        1674.734180688858,
        1679.4772908687592
    ],
    "best_epoch": 33,
    "best_valid_loss": 0.002144500459344995,
    "lr": [
        0.001,
        0.001,
        0.001,
        0.001,
        0.001,
        0.001,
        0.001,
        0.001,
        0.001,
        0.001,
        0.001,
        0.001,
        0.001,
        0.001,
        0.001,
        0.001,
        0.001,
        0.001,
        0.001,
        0.001,
        0.001,
        0.001,
        0.001,
        0.001,
        0.001,
        0.001,
        0.001,
        0.0005,
        0.0005,
        0.0005,
        0.0005,
        0.0005,
        0.0005,
        0.0005,
        0.0005,
        0.0005,
        0.0005,
        0.0005,
        0.00025,
        0.00025,
        0.00025,
        0.00025,
        0.00025,
        0.00025,
        0.000125,
        0.000125,
        0.000125,
        0.000125,
        0.000125,
        0.000125,
        0.000125,
        0.000125,
        0.000125
    ]
}