{
    "train_loss": [
        0.28787178538634395,
        0.0922297840032197,
        0.06369112362328015,
        0.05343734444067167,
        0.04722319974727365,
        0.0427818155936519,
        0.04027045043255028,
        0.03815494909671972,
        0.036499976040369655,
        0.0348363937873545,
        0.03413906235523454,
        0.03321224912158767,
        0.032012547698128946,
        0.03094008055949895,
        0.030667760277961257,
        0.029660598672647726,
        0.02915952486339848,
        0.028556722141523612,
        0.027748241489838284
    ],
    "valid_loss": [
        0.11762786984740944,
        0.05685375081444916,
        0.03921354675010553,
        0.03604751281867598,
        0.028585225603824243,
        0.024670966755496595,
        0.022792117028239363,
        0.02316255686233317,
        0.019338821148746032,
        0.01971705086492095,
        0.018104807140672592,
        0.01831348079751406,
        0.019075931000181862,
        0.01654677177568029,
        0.016903330651378987,
        0.015279565054802526,
        0.01531108670456897,
        0.013896521294670658,
        0.015370816309144372
    ],
    "epoch_duration": [
        251.50782823562622,
        250.78256154060364,
        251.86405682563782,
        252.44379019737244,
        251.6679766178131,
        251.6275565624237,
        251.6223292350769,
        250.85405588150024,
        251.51343250274658,
        252.03345942497253,
        252.20493054389954,
        252.56635546684265,
        252.86645078659058,
        252.7973735332489,
        253.2439215183258,
        253.22100067138672,
        252.9250979423523,
        253.55010843276978,
        252.9831576347351
    ],
    "best_epoch": 18,
    "best_valid_loss": 0.013896521294670658,
    "lr": [
        0.001,
        0.001,
        0.001,
        0.001,
        0.001,
        0.001,
        0.001,
        0.001,
        0.001,
        0.001,
        0.001,
        0.001,
        0.001,
        0.001,
        0.001,
        0.001,
        0.001,
        0.001,
        0.001
    ]
}