{
    "train_loss": [
        0.2646989398999008,
        0.08018599552902102,
        0.05591283609605985,
        0.04517593137727909,
        0.04037257976960066,
        0.0363124572551954,
        0.03483771363572091,
        0.03330288129058959,
        0.03183800124455668,
        0.030592026653159982,
        0.029917891355462106,
        0.029282300207060966,
        0.028596398466927055,
        0.027762703961403987,
        0.02717588189602245,
        0.026663315385976435,
        0.02649993434864238,
        0.026080371070024578,
        0.025395317183047262,
        0.0251493359943008,
        0.025016251105756334,
        0.024691909714505165,
        0.02429926950679604,
        0.02373782119691273,
        0.023777828525971694,
        0.02308863164517945,
        0.02140135465535093,
        0.021212345792146297,
        0.021234071605582588
    ],
    "valid_loss": [
        0.09262542738358576,
        0.05145448952578844,
        0.0336846574453493,
        0.032069845495750184,
        0.02297160093419421,
        0.023740982215043314,
        0.021164310951148187,
        0.019912268030004312,
        0.019299063443245734,
        0.019630354212741008,
        0.017573559012942185,
        0.016690050235524438,
        0.016744143399700262,
        0.015131247644672668,
        0.015313976356048982,
        0.01340771047653923,
        0.015175719660918166,
        0.01596855850346814,
        0.013893615892923384,
        0.01142109364800694,
        0.013436148009562582,
        0.014395113871374779,
        0.013790080412999353,
        0.013101884546664142,
        0.012226768276953787,
        0.01259369519666915,
        0.010658482254536224,
        0.01204510772521805,
        0.01141875309967192
    ],
    "epoch_duration": [
        216.9725468158722,
        214.86074829101562,
        215.91890859603882,
        217.6739363670349,
        216.69155144691467,
        217.03656554222107,
        222.26971650123596,
        223.02836084365845,
        221.22690176963806,
        220.49966168403625,
        222.84110617637634,
        222.8232080936432,
        220.9064130783081,
        222.78000116348267,
        222.3135130405426,
        222.03307795524597,
        222.04866456985474,
        222.33679294586182,
        222.10479617118835,
        223.36532926559448,
        221.79124093055725,
        222.98499703407288,
        222.38052320480347,
        222.15890431404114,
        221.64382910728455,
        223.23901844024658,
        220.07983779907227,
        221.58002519607544,
        221.59786939620972
    ],
    "best_epoch": 27,
    "best_valid_loss": 0.010658482254536224,
    "lr": [
        0.001,
        0.001,
        0.001,
        0.001,
        0.001,
        0.001,
        0.001,
        0.001,
        0.001,
        0.001,
        0.001,
        0.001,
        0.001,
        0.001,
        0.001,
        0.001,
        0.001,
        0.001,
        0.001,
        0.001,
        0.001,
        0.001,
        0.001,
        0.001,
        0.001,
        0.0005,
        0.0005,
        0.0005,
        0.0005
    ]
}