{
    "simulation_name": "x48_y48_z32_Ra2500_Pr0.7_t0.01_snap0.125_dur300",
    "mse": 0.0017097665624446346,
    "mae": 0.030418979325553493,
    "rmse": 0.041349323603230015,
    "mse_train": 0.0013986167529784577,
    "mae_train": 0.027968856321209348,
    "rmse_train": 0.03739808488383406
}