{
    "train_loss": [
        0.010117763922446303,
        0.005439429904479499,
        0.004676636600407423,
        0.005398128152740446,
        0.0036698803779356766,
        0.00368192677009209,
        0.003693852070994318,
        0.0034538935466928676,
        0.0049055225081043085,
        0.003604948703744558,
        0.0033185886098575095,
        0.0031862180728453927,
        0.0044201531051586895,
        0.0037962907245506082,
        0.0032409008089206146,
        0.003177436755468858,
        0.0036309428751814224,
        0.0034185219533308564,
        0.0028855178495688664,
        0.0034494504400896368,
        0.0030033059408707844,
        1.9244512615104516,
        20.95998125572088,
        35.595450625482805,
        163.01639745869767,
        170.9976256515394,
        139.27152222644057,
        183.54061310716602,
        325.88834995032573,
        202.17008270201455,
        116.39212524538497,
        105.23298816272607,
        90.58945026611578,
        82.79109808467823,
        94.72402397723495,
        84.02080905614886,
        102.98626792355536,
        113.03906076102689,
        145.4761220980614
    ],
    "valid_loss": [
        0.02868012840025104,
        0.017601763519717647,
        0.02288384059905459,
        0.014500580646029305,
        0.013638114360152581,
        0.017746820380563764,
        0.013791857467286448,
        0.011516100241708646,
        0.02023937484813393,
        0.011551310407390835,
        0.05541842764852973,
        0.010820411965364892,
        0.01292053515359258,
        0.008866987338101645,
        0.00851447352518638,
        0.010282426069430802,
        0.00867662108887773,
        0.02633148784712185,
        0.00802891456467934,
        0.02661713630598984,
        0.06040412142690533,
        29.661775710312963,
        97.03729301709284,
        7536.232089186736,
        1240.8838148204559,
        6238.811706804281,
        2216.0960265553326,
        5341.961949899656,
        1436.7020345052083,
        1152.1468912013809,
        628.1657304209672,
        683.8867496222166,
        1515.3056907163848,
        557.0565203092149,
        507.6872239979035,
        453.1532500007466,
        1313.6981900743024,
        877.6048236438623,
        1050.0149458858946
    ],
    "epoch_duration": [
        580.7461426258087,
        583.2761137485504,
        583.2351760864258,
        584.3121621608734,
        583.7411630153656,
        583.8625893592834,
        584.2607619762421,
        587.7635233402252,
        590.9936983585358,
        590.7813289165497,
        591.4667327404022,
        591.8548586368561,
        592.1043925285339,
        592.2162580490112,
        592.4123649597168,
        591.540060043335,
        590.5871081352234,
        592.0051643848419,
        591.574107170105,
        591.6016843318939,
        590.7789831161499,
        591.6233236789703,
        591.8889889717102,
        592.1897993087769,
        591.2117025852203,
        591.3672778606415,
        592.8447113037109,
        592.086740732193,
        591.5798897743225,
        591.2018611431122,
        591.6705188751221,
        592.3517858982086,
        591.2814671993256,
        592.1243517398834,
        592.3768723011017,
        593.0490798950195,
        592.8898952007294,
        592.851224899292,
        591.9671223163605
    ],
    "best_epoch": 19,
    "best_valid_loss": 0.00802891456467934,
    "lr": [
        0.001,
        0.001,
        0.001,
        0.001,
        0.001,
        0.001,
        0.001,
        0.001,
        0.001,
        0.001,
        0.001,
        0.001,
        0.001,
        0.001,
        0.001,
        0.001,
        0.001,
        0.001,
        0.001,
        0.001,
        0.001,
        0.001,
        0.001,
        0.001,
        0.0005,
        0.0005,
        0.0005,
        0.0005,
        0.0005,
        0.0005,
        0.00025,
        0.00025,
        0.00025,
        0.00025,
        0.00025,
        0.00025,
        0.000125,
        0.000125,
        0.000125
    ]
}