{
    "train_loss": [
        0.21745986230950107,
        0.09375829372991648,
        0.0748347960406309,
        0.06529003218225113,
        0.059108515833802555,
        0.05465784131341048,
        0.05129337187048206,
        0.04880764045793616,
        0.04703165125457921,
        0.04542817650231241,
        0.044153544185365726,
        0.043022004223845944,
        0.04202849440778283,
        0.04119881847230772,
        0.04051396346473733,
        0.0398170771995437,
        0.03931414115111826,
        0.038752220301631085,
        0.03826611551424412,
        0.037866497529068295,
        0.03743174744155243,
        0.03708696539451059,
        0.03677473533914075,
        0.03642142762926253,
        0.03613241107039717,
        0.035900112754933954,
        0.035558457655873975,
        0.035346986681644064,
        0.03512532342835357,
        0.034850106036549096,
        0.03478035416426207,
        0.03448199770248442,
        0.03432799333943393,
        0.03412737890099449,
        0.03398376032276542,
        0.03378549279739534,
        0.033715802685652586,
        0.033544603986657866,
        0.03341454741849269,
        0.033264065115207055,
        0.033109395300732584
    ],
    "valid_loss": [
        0.08219509815931915,
        0.05581052673985239,
        0.045125532166990556,
        0.03859360122361088,
        0.03491361289287446,
        0.03228813957915342,
        0.02926269046534921,
        0.0276296266965438,
        0.0291926733796436,
        0.024936512762917546,
        0.023421182221456657,
        0.023347483043027042,
        0.02254601141108093,
        0.022904598497393125,
        0.021171823762673094,
        0.02103248442293254,
        0.02126492028893378,
        0.020325656765677092,
        0.01901766659222785,
        0.01929601948996286,
        0.01879527308139718,
        0.01865974672398811,
        0.018369454646162558,
        0.018214107059555458,
        0.017976709352132685,
        0.01799348859567,
        0.01753785641227577,
        0.018171054096962153,
        0.018424517442089068,
        0.017357185618612832,
        0.01758596607370121,
        0.016771510848194882,
        0.01712185089427634,
        0.016539508439693366,
        0.016915751711240136,
        0.017066297365208517,
        0.016241856761035182,
        0.016348366532242507,
        0.016303203476040144,
        0.017567038105944743,
        0.016153016606545507
    ],
    "epoch_duration": [
        631.4402997493744,
        671.4946942329407,
        654.6011943817139,
        628.7166800498962,
        664.073145866394,
        668.7553262710571,
        664.7813408374786,
        688.9035975933075,
        686.8915386199951,
        657.9677484035492,
        652.2358629703522,
        660.2526676654816,
        659.9686191082001,
        658.8931028842926,
        684.1959788799286,
        682.9228293895721,
        681.0825982093811,
        705.5654487609863,
        676.8279099464417,
        665.2825222015381,
        627.0757348537445,
        626.392885684967,
        626.9090456962585,
        625.9622864723206,
        625.63534116745,
        626.461318731308,
        625.2165651321411,
        625.7453966140747,
        626.1798319816589,
        626.3470883369446,
        626.4030783176422,
        626.3305234909058,
        626.9961898326874,
        626.1054840087891,
        626.5506820678711,
        626.1971905231476,
        626.3770632743835,
        625.7416439056396,
        626.9311516284943,
        642.5819191932678,
        663.8306791782379
    ],
    "best_epoch": 41,
    "best_valid_loss": 0.016153016606545507,
    "lr": [
        0.001,
        0.001,
        0.001,
        0.001,
        0.001,
        0.001,
        0.001,
        0.001,
        0.001,
        0.001,
        0.001,
        0.001,
        0.001,
        0.001,
        0.001,
        0.001,
        0.001,
        0.001,
        0.001,
        0.001,
        0.001,
        0.001,
        0.001,
        0.001,
        0.001,
        0.001,
        0.001,
        0.001,
        0.001,
        0.001,
        0.001,
        0.001,
        0.001,
        0.001,
        0.001,
        0.001,
        0.001,
        0.001,
        0.001,
        0.001,
        0.001
    ]
}