{
    "train_loss": [
        0.055140583055373,
        0.03377362154310267,
        0.03325567699771348,
        0.03140912655585281,
        0.0319013143165244,
        0.030001363769614126,
        0.029424048333631013,
        0.02913077136655466,
        0.028638683132272854,
        0.028228618752564494,
        0.029293022288064588,
        0.028265863144722795,
        0.027597879412584955,
        0.027964713576341865
    ],
    "valid_loss": [
        0.034877652775165864,
        0.037349324623288,
        0.03173606240444045,
        0.0298097504468048,
        0.03179420914261713,
        0.03140678181332915,
        0.03496319182695599,
        0.025113988990129316,
        0.03023797172699864,
        0.02852468124793028,
        0.026159545345180626,
        0.030588020519880344,
        0.02671576473030293,
        0.025486330014713312
    ],
    "epoch_duration": [
        11472.590845108032,
        11506.985569953918,
        11516.141812086105,
        11513.038261413574,
        11496.343481302261,
        11494.73939871788,
        11495.007276773453,
        11493.618099927902,
        11483.504339694977,
        11498.910532951355,
        11495.434702396393,
        11491.511127948761,
        11524.106309175491,
        11531.72479724884
    ],
    "best_epoch": 8,
    "best_valid_loss": 0.025113988990129316,
    "lr": [
        0.001,
        0.001,
        0.001,
        0.001,
        0.001,
        0.001,
        0.001,
        0.001,
        0.001,
        0.001,
        0.001,
        0.001,
        0.001,
        0.0005
    ]
}