{
    "simulation_name": "x48_y48_z32_Ra2500_Pr0.7_t0.01_snap0.125_dur300",
    "mse": 0.00970332332034891,
    "mae": 0.074258376419219,
    "rmse": 0.09850544817597101,
    "mse_train": 0.009554236482065964,
    "mae_train": 0.07399556506796681,
    "rmse_train": 0.09774577475300897
}