{
    "simulation_name": "x48_y48_z32_Ra2500_Pr0.7_t0.01_snap0.125_dur300",
    "mse": 0.003489449039671666,
    "mae": 0.04442037188167137,
    "rmse": 0.059071558635875404,
    "mse_train": 0.0033288105487565885,
    "mae_train": 0.04366689334138039,
    "rmse_train": 0.05769584516025906
}