{
    "mse": 0.003489449039671666,
    "mae": 0.04442037188167137,
    "rmse": 0.059071558635875404,
    "mse_train": 0.0033288105487565885,
    "mae_train": 0.04366689334138039,
    "rmse_train": 0.05769584516025906
}