{
    "sim_name": "x48_y48_z32_Ra2500_Pr0.7_t0.01_snap0.125_dur300",
    "mse": 0.004214367877076646,
    "mae": 0.0488239670235161,
    "rmse": 0.06491816292130151,
    "mse_train": 0.004111805227597521,
    "mae_train": 0.04832798174887083,
    "rmse_train": 0.0641233594534591
}